uid;source_file;source_concept_code;source_variable;value;value_type;variable_definition;value_definition;start_date;end_date;provider;care_site;type_concept_id;mapped_standard_code;mapped_std_code_desc;std_code_vocabulary;std_code_concept_code;std_code_domain;reviewer_comment;value_as_number;value_as_concept_id;value_as_string;operator_concept_id;unit_source_value;unit_source_concept_id;unit_concept_id;drug_exposure_type;conversion;era_lookback_interval;modifier_concept_id;anatomic_site_concept_id;days_supply;dose_unit_source_value;range_low;range_high;stop_reason;route_source_value;refills;route_concept_id
2000000001;01.00;sofadop;sofadop;;numerical;;;timestamp;;;;32817;;;;;;;value;;;;;;;;;;;;;;;;;;;
2000000100;01.00;sofapao2;sofapao2;;numerical;;;timestamp;;;;32817;4094581;Measurement of partial pressure of oxygen in blood;SNOMED;250546000;Measurement;;value;;;;;;;;;;;;;;;;;;;
3000000100;01.00;intensivobs-Intensiv observation i mindre end 24 timer__true;intensivobs-Intensiv observation i mindre end 24 timer;t;categorical;;;timestamp;;;;32817;4057410;Intensive care monitoring;SNOMED;182810003;Observation;;;4188539;;;;;;;;;;;;;;;;;;
3000000200;01.00;intensivobs-Intensiv observation i mindre end 24 timer__false;intensivobs-Intensiv observation i mindre end 24 timer;f;categorical;;;timestamp;;;;32817;4057410;Intensive care monitoring;SNOMED;182810003;Observation;;;4188540;;;;;;;;;;;;;;;;;;
3000000300;;hypovolaemiaudn-Hypovolaemia uden shock__true;hypovolaemiaudn-Hypovolaemia uden shock;t;categorical;;;timestamp;;;;32817;37311319;hypovolemia without shock;SNOMED;;Condition;;;4135944;;;;;;;;24 hours;;;;;;;;;;
3000000400;;trkstmtbudn-Trakeostomitube uden cuff (Anvendelse)__true;trkstmtbudn-Trakeostomitube uden cuff (Anvendelse);t;categorical;;;timestamp;;;;32817;4143728;tracheostomy without cuffs;SNOMED;;Procedure;;;;;;;;;;;;;;;;;;;;;
3000000500;;endotrakealtb-Endotrakeal tube nasal (Anlæggelse)__true;endotrakealtb-Endotrakeal tube nasal (Anlæggelse);t;categorical;;;timestamp;;;;32817;36674387;endotrakeal tube;SNOMED;;Device;;;;;;;;;;;;;;;;;;;;;
3000000600;;;DJ441;TRUE;categorical;;;start_date;end_date;;;32879;44807895;Chronic obstructive pulmonary disease with acute exacerbation UNS;SNOMED;;Condition;;;;;;;;;;;30 days;;;;;;;;;;
3000000700;;;DN189;TRUE;categorical;;;start_date;end_date;;;32879;198185;Chronic renal failure UNS;SNOMED;;Condition;;;;;;;;;;;60 days;;;;;;;;;;
3000000800;;;DJ159;TRUE;categorical;;;start_date;end_date;;;32879;257315;Bacterial pneumonia UNS;SNOMED;;Condition;;;;;;;;;;;30 days;;;;;;;;;;
3000000900;;;KKBV05;TRUE;categorical;;;start_date;end_date;;;32879;4340651;Transluminal endoscopic replacement of ureteral stent;SNOMED;;Procedure;;;;;;;;;;;;;;;;;;;;;
3000001000;;;KTJA40;TRUE;categorical;;;start_date;end_date;;;32879;46270682;Percutaneous drainage of intraperitoneal abscess;SNOMED;;Procedure;;;;;;;;;;;;;;;;;;;;;
3000001100;;;KUDQ02;TRUE;categorical;;;start_date;end_date;;;32879;4301600;Direct laryngoscopy;SNOMED;;Procedure;;;;;;;;;;;;;;;;;;;;;
3000001200;;;UXRE30;TRUE;categorical;;;start_date;end_date;;;32879;4086263;Xray lumbar spine;SNOMED;;Procedure;;;;;;;;;;;;;;;;;;;;;
4000000100;;fio2-FiO2, Unit: %, Aggregation: No aggregation, Period: Any;fio2-FiO2, Unit: %, Aggregation: No aggregation, Period: Any;;numerical;;;timestamp;;;;32817;3025408;Oxygen/Inspired gas Respiratory system by O2 Analyzer --on ventilator;LOINC;19995-0;Measurement;;value;;;;%;8554;8554;;;;;;;;00.02;00.06;;;;
4000000110;;fio2-Observations: FiO2;fio2-Observations: FiO2;;numerical;;;timestamp;;;;32817;3025408;Oxygen/Inspired gas Respiratory system by O2 Analyzer --on ventilator;LOINC;19995-0;Measurement;;value;;;;%;8554;8554;;;;;;;;00.02;00.06;;;;
4000000200;;fio2fra-Observations: FiO2 fra prøvetidsp.;fio2fra-Observations: FiO2 fra prøvetidsp.;;numerical;;;timestamp;;;;32817;42869590;Oxygen/Gas total [Pure volume fraction] Inhaled gas;LOINC;71835-3;Measurement;;value;;;;%;8554;720868;;0.01;;;;;;;;;;;
4000000210;;fio2fra-FiO2 fra prøvetidsp., Unit: %, Aggregation: No aggregation, Period: Any;fio2fra-FiO2 fra prøvetidsp., Unit: %, Aggregation: No aggregation, Period: Any;;numerical;;;timestamp;;;;32817;42869590;Oxygen/Gas total [Pure volume fraction] Inhaled gas;LOINC;71835-3;Measurement;;value;;;;%;8554;720868;;0.01;;;;;;;;;;;
4000000220;;fio2ind-FiO2 indstilling, Aggregation: No aggregation, Period: Any;fio2ind-FiO2 indstilling, Aggregation: No aggregation, Period: Any;;numerical;;;timestamp;;;;32817;3024882;Oxygen/Total gas setting [Volume Fraction] Ventilator;LOINC;19994-3;Measurement;;value;;;;%;8554;8554;;;;;;;;;;;;;
4000000230;;fio2ind-FiO2 indstilling, Unit: %, Aggregation: No aggregation, Period: Any;fio2ind-FiO2 indstilling, Unit: %, Aggregation: No aggregation, Period: Any;;numerical;;;timestamp;;;;32817;3024882;Oxygen/Total gas setting [Volume Fraction] Ventilator;LOINC;19994-3;Measurement;;value;;;;%;8554;8554;;;;;;;;;;;;;
4000000240;;fio2ind-Observations: FiO2 indstilling;fio2ind-Observations: FiO2 indstilling;;numerical;;;timestamp;;;;32817;3024882;Oxygen/Total gas setting [Volume Fraction] Ventilator;LOINC;19994-3;Measurement;;value;;;;%;8554;8554;;;;;;;;;;;;;
4000000300;;po2-pO2, Unit: kPa, Aggregation: No aggregation, Period: Any;po2-pO2, Unit: kPa, Aggregation: No aggregation, Period: Any;;numerical;;;numerical;;;;32817;3027315;Oxygen [Partial pressure] in Blood;LOINC;11556-8;Measurement;;value;;;;kPa;44777602;8876;;7.500616;;;;;;;;;;;
4000000301;;po2-Observations: pO2;po2-Observations: pO2;;numerical;;;numerical;;;;32817;3027315;Oxygen [Partial pressure] in Blood;LOINC;11556-8;Measurement;;value;;;;kPa;44777602;8876;;7.500616;;;;;;;;;;;
4000000302;;pao2-PaO2, Unit: kPa, Aggregation: No aggregation, Period: Any;pao2-PaO2, Unit: kPa, Aggregation: No aggregation, Period: Any;;numerical;;;numerical;;;;32817;3027801;Oxygen [Partial pressure] in Arterial blood;LOINC;2703-7;Measurement;;value;;;;kPa;44777602;8876;;7.500616;;;;;;;;;;;
4000000303;;pao2-Observations: PaO2;pao2-Observations: PaO2;;numerical;;;numerical;;;;32817;3027801;Oxygen [Partial pressure] in Arterial blood;LOINC;2703-7;Measurement;;value;;;;kPa;44777602;8876;;7.500616;;;;;;;;;;;
4000000304;;pco2-pCO2, Unit: kPa, Aggregation: No aggregation, Period: Any;pco2-pCO2, Unit: kPa, Aggregation: No aggregation, Period: Any;;numerical;;;numerical;;;;32817;3013290;Carbon dioxide [Partial pressure] in Blood;LOINC;11557-6;Measurement;;value;;;;kPa;44777602;8876;;7.500616;;;;;;;;;;;
4000000305;;pco2-Observations: pCO2;pco2-Observations: pCO2;;numerical;;;numerical;;;;32817;3013290;Carbon dioxide [Partial pressure] in Blood;LOINC;11557-6;Measurement;;value;;;;kPa;44777602;8876;;7.500616;;;;;;;;;;;
4000000306;;paco2-PaCO2, Unit: kPa, Aggregation: No aggregation, Period: Any;paco2-PaCO2, Unit: kPa, Aggregation: No aggregation, Period: Any;;numerical;;;numerical;;;;32817;3027946;Carbon dioxide [Partial pressure] in Arterial blood;LOINC;2019-8;Measurement;;value;;;;kPa;44777602;8876;;7.500616;;;;;;;;;;;
4000000307;;paco2-Observations: PaCO2;paco2-Observations: PaCO2;;numerical;;;numerical;;;;32817;3027946;Carbon dioxide [Partial pressure] in Arterial blood;LOINC;2019-8;Measurement;;value;;;;kPa;44777602;8876;;7.500616;;;;;;;;;;;
4000000308;;pao2f2-PaO2/FiO2, Unit: mmHg, Aggregation: No aggregation, Period: Any;pao2f2-PaO2/FiO2, Unit: mmHg, Aggregation: No aggregation, Period: Any;;numerical;;;numerical;;;;32817;3029943;Horowitz index in Arterial blood;LOINC;50984-4;Measurement;;value;;;;mmhg;8876;8876;;;;;;;;;;;;;
4000000309;;pao2f2-PaO2/FiO2, Unit: kPa, Aggregation: No aggregation, Period: Any;pao2f2-PaO2/FiO2, Unit: kPa, Aggregation: No aggregation, Period: Any;;numerical;;;numerical;;;;32817;3029943;Horowitz index in Arterial blood;LOINC;50984-4;Measurement;;value;;;;kPa;44777602;8876;;7.500616;;;;;;;;;;;
4000000310;;natrium-Natrium, Unit: mmol/l, Aggregation: No aggregation, Period: Any;natrium-Natrium, Unit: mmol/l, Aggregation: No aggregation, Period: Any;;numerical;;;timestamp;;;;32817;3000285;Sodium [Moles/volume] in Blood;LOINC;2947-0;Measurement;;value;;;;mmol/l;8753;8753;;;;;;;;;;;;;
4000000311;;natrium-Observations: Natrium;natrium-Observations: Natrium;;numerical;;;timestamp;;;;32817;3000285;Sodium [Moles/volume] in Blood;LOINC;2947-0;Measurement;;value;;;;mmol/l;8753;8753;;;;;;;;;;;;;
4000000312;;kalium-Kalium, Unit: mmol/l, Aggregation: No aggregation, Period: Any;kalium-Kalium, Unit: mmol/l, Aggregation: No aggregation, Period: Any;;numerical;;;timestamp;;;;32817;3005456;Potassium [Moles/volume] in Blood;LOINC;6298-4;Measurement;;value;;;;mmol/l;8753;8753;;;;;;;;;;;;;
4000000313;;kalium-Observations: Kalium;kalium-Observations: Kalium;;numerical;;;timestamp;;;;32817;3005456;Potassium [Moles/volume] in Blood;LOINC;6298-4;Measurement;;value;;;;mmol/l;8753;8753;;;;;;;;;;;;;
4000000314;;calciumion-Calcium ioniseret (Ca++) , Unit: mmol/l, Aggregation: No aggregation, Period: Any;calciumion-Calcium ioniseret (Ca++) , Unit: mmol/l, Aggregation: No aggregation, Period: Any;;numerical;;;timestamp;;;;32817;3021119;Calcium.ionized [Moles/volume] in Blood;LOINC;1994-3;Measurement;;value;;;;mmol/l;8753;8753;;;;;;;;;;;;;
4000000315;;calciumion-Observations: Calcium ioniseret (Ca++);calciumion-Observations: Calcium ioniseret (Ca++);;numerical;;;timestamp;;;;32817;3021119;Calcium.ionized [Moles/volume] in Blood;LOINC;1994-3;Measurement;;value;;;;mmol/l;8753;8753;;;;;;;;;;;;;
4000000316;;chloridioncl-Chlorid ion (Cl-) , Unit: mmol/l, Aggregation: No aggregation, Period: Any;chloridioncl-Chlorid ion (Cl-) , Unit: mmol/l, Aggregation: No aggregation, Period: Any;;numerical;;;timestamp;;;;32817;3018572;Chloride [Moles/volume] in Blood;LOINC;2069-3;Measurement;;value;;;;mmol/l;8753;8753;;;;;;;;;;;;;
4000000317;;chloridioncl-Observations: Chlorid ion (Cl-);chloridioncl-Observations: Chlorid ion (Cl-);;numerical;;;timestamp;;;;32817;3018572;Chloride [Moles/volume] in Blood;LOINC;2069-3;Measurement;;value;;;;mmol/l;8753;8753;;;;;;;;;;;;;
4000000318;;laktat-Laktat, Unit: mmol/l, Aggregation: No aggregation, Period: Any;laktat-Laktat, Unit: mmol/l, Aggregation: No aggregation, Period: Any;;numerical;;;timestamp;;;;32817;3047181;Lactate [Moles/volume] in Blood;LOINC;32693-4;Measurement;;value;;;;mmol/l;8753;8753;;;;;;;;;;;;;
4000000319;;laktat-Observations: Laktat;laktat-Observations: Laktat;;numerical;;;timestamp;;;;32817;3047181;Lactate [Moles/volume] in Blood;LOINC;32693-4;Measurement;;value;;;;mmol/l;8753;8753;;;;;;;;;;;;;
4000000320;;blodskk-Blod sukker, Unit: mmol/l, Aggregation: No aggregation, Period: Any;blodskk-Blod sukker, Unit: mmol/l, Aggregation: No aggregation, Period: Any;;numerical;;;timestamp;;;;32817;3020491;Glucose [Moles/volume] in Blood;LOINC;15074-8;Measurement;;value;;;;mmol/l;8753;8753;;;;;;;;;;;;;
4000000321;;blodskk-Observations: Blod sukker;blodskk-Observations: Blod sukker;;numerical;;;timestamp;;;;32817;3020491;Glucose [Moles/volume] in Blood;LOINC;15074-8;Measurement;;value;;;;mmol/l;8753;8753;;;;;;;;;;;;;
4000000322;;bs-BS, Unit: mmol/l, Aggregation: No aggregation, Period: Any;bs-BS, Unit: mmol/l, Aggregation: No aggregation, Period: Any;;numerical;;;timestamp;;;;32817;3020491;Glucose [Moles/volume] in Blood;LOINC;15074-8;Measurement;;value;;;;mmol/l;8753;8753;;;;;;;;;;;;;
4000000323;;bs-Observations: BS;bs-Observations: BS;;numerical;;;timestamp;;;;32817;3020491;Glucose [Moles/volume] in Blood;LOINC;15074-8;Measurement;;value;;;;mmol/l;8753;8753;;;;;;;;;;;;;
4000000350;;hb-Hb, Unit: mmol/l, Aggregation: No aggregation, Period: Any;hb-Hb, Unit: mmol/l, Aggregation: No aggregation, Period: Any;;numerical;;;timestamp;;;;32817;40762351;Hemoglobin [Moles/volume] in Blood;LOINC;59260-0;Measurement;;value;;;;mmol/l;8753;8753;;;;;;;;;;;;;
4000000351;;hb-Observations: Hb;hb-Observations: Hb;;numerical;;;timestamp;;;;32817;40762351;Hemoglobin [Moles/volume] in Blood;LOINC;59260-0;Measurement;;value;;;;mmol/l;8753;8753;;;;;;;;;;;;;
4000000352;;methb-MetHb, Aggregation: No aggregation, Period: Any;methb-MetHb, Aggregation: No aggregation, Period: Any;;numerical;;;timestamp;;;;32817;3007930;Methemoglobin/Hemoglobin.total in Blood;LOINC;2614-6;Measurement;;value;;;;fraction;720868;8554;;100;;;;;;;;;;;
4000000353;;methb-Observations: MetHb;methb-Observations: MetHb;;numerical;;;timestamp;;;;32817;3007930;Methemoglobin/Hemoglobin.total in Blood;LOINC;2614-6;Measurement;;value;;;;fraction;720868;8554;;100;;;;;;;;;;;
4000000354;;cohb-COHb, Unit: %, Aggregation: No aggregation, Period: Any;cohb-COHb, Unit: %, Aggregation: No aggregation, Period: Any;;numerical;;;timestamp;;;;32817;3023081;Carboxyhemoglobin/Hemoglobin.total in Blood;LOINC;20563-3;Measurement;;value;;;;%;;8554;;;;;;;;;;;;;
4000000355;;cohb-COHb, Aggregation: No aggregation, Period: Any;cohb-COHb, Aggregation: No aggregation, Period: Any;;numerical;;;timestamp;;;;32817;3023081;Carboxyhemoglobin/Hemoglobin.total in Blood;LOINC;20563-3;Measurement;;value;;;;%;;8554;;;;;;;;;;;;;
4000000356;;cohb-Observations: COHb;cohb-Observations: COHb;;numerical;;;timestamp;;;;32817;3023081;Carboxyhemoglobin/Hemoglobin.total in Blood;LOINC;20563-3;Measurement;;value;;;;%;;8554;;;;;;;;;;;;;
4000000360;;ph-pH, Aggregation: No aggregation, Period: Any;ph-pH, Aggregation: No aggregation, Period: Any;;numerical;;;timestamp;;;;32817;3010421;pH of Blood;LOINC;11558-4;Measurement;;value;;;;;;8482;;;;;;;;;;;;;
4000000361;;ph-Observations: pH;ph-Observations: pH;;numerical;;;timestamp;;;;32817;3010421;pH of Blood;LOINC;11558-4;Measurement;;value;;;;;;8482;;;;;;;;;;;;;
4000000370;;hco3bkr-HCO3 (bikarbonat), Unit: mmol/l, Aggregation: No aggregation, Period: Any;hco3bkr-HCO3 (bikarbonat), Unit: mmol/l, Aggregation: No aggregation, Period: Any;;numerical;;;timestamp;;;;32817;3006576;Bicarbonate [Moles/volume] in Blood;LOINC;1959-6;Measurement;;value;;;;mmol/l;8753;8753;;;;;;;;;;;;;
4000000371;;hco3bkr-Observations: HCO3 (bikarbonat);hco3bkr-Observations: HCO3 (bikarbonat);;numerical;;;timestamp;;;;32817;3006576;Bicarbonate [Moles/volume] in Blood;LOINC;1959-6;Measurement;;value;;;;mmol/l;8753;8753;;;;;;;;;;;;;
4000000380;;sbe-SBE, Unit: mmol/l, Aggregation: No aggregation, Period: Any;sbe-SBE, Unit: mmol/l, Aggregation: No aggregation, Period: Any;;numerical;;;timestamp;;;;32817;3012501;Base excess in Blood by calculation;LOINC;11555-0;Measurement;;value;;;;mmol/l;8753;8753;;;;;;;;;;;;;
4000000381;;sbe-Observations: SBE;sbe-Observations: SBE;;numerical;;;timestamp;;;;32817;3012501;Base excess in Blood by calculation;LOINC;11555-0;Measurement;;value;;;;mmol/l;8753;8753;;;;;;;;;;;;;
4000000390;;so2-Observations: SO2;so2-Observations: SO2;;numerical;;;timestamp;;;;32817;42869608;Oxygen saturation [Pure mass fraction] in Blood;LOINC;71853-6;Measurement;;value;;;;%;8554;8554;;;;;;;;;;;;;
4000000391;;so2-SO2, Unit: %, Aggregation: No aggregation, Period: Any;so2-SO2, Unit: %, Aggregation: No aggregation, Period: Any;;numerical;;;timestamp;;;;32817;42869608;Oxygen saturation [Pure mass fraction] in Blood;LOINC;71853-6;Measurement;;value;;;;%;8554;8554;;;;;;;;;;;;;
4000000392;;sao2-Observations: SaO2;sao2-Observations: SaO2;;numerical;;;timestamp;;;;32817;3016502;Oxygen saturation in Arterial blood;LOINC;2708-6;Measurement;;value;;;;%;8554;8554;;;;;;;;;;;;;
4000000393;;sao2-SaO2, Unit: %, Aggregation: No aggregation, Period: Any;sao2-SaO2, Unit: %, Aggregation: No aggregation, Period: Any;;numerical;;;timestamp;;;;32817;3016502;Oxygen saturation in Arterial blood;LOINC;2708-6;Measurement;;value;;;;%;8554;8554;;;;;;;;;;;;;
4000000394;;svo2-Observations: SvO2;svo2-Observations: SvO2;;numerical;;;timestamp;;;;32817;3024928;Oxygen saturation in Venous blood;LOINC;2711-0;Measurement;;value;;;;%;8554;8554;;;;;;;;;;;;;
4000000395;;svo2-SvO2, Unit: %, Aggregation: No aggregation, Period: Any;svo2-SvO2, Unit: %, Aggregation: No aggregation, Period: Any;;numerical;;;timestamp;;;;32817;3024928;Oxygen saturation in Venous blood;LOINC;2711-0;Measurement;;value;;;;%;8554;8554;;;;;;;;;;;;;
4000000396;;hco3bkr-HCO3 (bikarbonat), Unit: mmol/l, Aggregation: No aggregation, Period: Any;hco3bkr-HCO3 (bikarbonat), Unit: mmol/l, Aggregation: No aggregation, Period: Any;;numerical;;;timestamp;;;;32817;;Observations: HCO3 (bicarbonate) HCO3 (bicarbonate), Unit: mmol/l, Aggregation: No aggregation;LOINC;;Measurement;;value;;;;;;;;;;;;;;;;;;;
4000000397;;hco3bkr-Observations: HCO3 (bikarbonat);hco3bkr-Observations: HCO3 (bikarbonat);;numerical;;;timestamp;;;;32817;;Observations: HCO3 (bicarbonate) HCO3 (bicarbonate), Unit: mmol/l, Aggregation: No aggregation;LOINC;;Measurement;;value;;;;;;;;;;;;;;;;;;;
4000000400;;hf-Observations: HF;hf-Observations: HF;;numerical;;;timestamp;;;;32817;3027018;Heart rate;LOINC;8867-4;Measurement;;value;;;;/min;;8541;;;;;;;;;;;;;
4000000410;;hf-HF, Unit: /min, Aggregation: No aggregation, Period: Any;hf-HF, Unit: /min, Aggregation: No aggregation, Period: Any;;numerical;;;timestamp;;;;32817;3027018;Heart rate;LOINC;8867-4;Measurement;;value;;;;/min;;8541;;;;;;;;;;;;;
4000000411;;modstandrss-Modstand (resistance), Unit: mbar/l/s, Aggregation: No aggregation, Period: Any;modstandrss-Modstand (resistance), Unit: mbar/l/s, Aggregation: No aggregation, Period: Any;;numerical;;;timestamp;;;;32817;21490740;Airway resistance;LOINC;75946-4;Measurement;check if better alternative is 21490737 to check concept id and unit mbar/l/s (source) and cmH2O/L/s (cdm) do not have a concept id;value;;;;mbar/l/s;;44777590;;1,01971621298;;;;;;;;;;;
4000000412;;minutvlm-Minut volumen, Unit: l/min, Aggregation: No aggregation, Period: Any;minutvlm-Minut volumen, Unit: l/min, Aggregation: No aggregation, Period: Any;;numerical;;;timestamp;;;;32817;21490753;Volume expired per minute Respiratory system;LOINC;75959-7;Measurement;it should be correct map it to expired since it matches the tidal expired * resp freq. if the variable is always during mechanical ventilation we should map it to 21490753 Volume expired per minute Respiratory system;value;;;;L/min;8698;8698;;;;;;;;;;;;;
4000000413;;minutvlm-Observations: Minut volumen;minutvlm-Observations: Minut volumen;;numerical;;;timestamp;;;;32817;21490753;Volume expired per minute Respiratory system;LOINC;75959-7;Measurement;it should be correct map it to expired since it matches the tidal expired * resp freq. if the variable is always during mechanical ventilation we should map it to 21490753 Volume expired per minute Respiratory system;value;;;;L/min;8698;8698;;;;;;;;;;;;;
4000000414;;minutvlm-Minut volumen preset level, Unit: l/min, Aggregation: No aggregation, Period: Any;minutvlm-Minut volumen preset level, Unit: l/min, Aggregation: No aggregation, Period: Any;;numerical;;;timestamp;;;;32817;3045410;Minute volume setting Ventilator;LOINC;33425-0;Measurement;Only soenderborg has this variable - maybe only specific to a ventilator type/setting;value;;;;L/min;8698;8698;;;;;;;;;;;;;
4000000415;;tidalvolumenexp-Tidalvolumen (expir), Unit: ml, Aggregation: No aggregation, Period: Any;tidalvolumenexp-Tidalvolumen (expir), Unit: ml, Aggregation: No aggregation, Period: Any;;numerical;;;timestamp;;;;32817;21490752;Tidal volume expired Respiratory system airway;LOINC;75958-9;Measurement;This could be replaced with LOINC 	76007-4	if sure on ventilator;value;;;;ml;8587;8587;;;;;;;;;;;;;
4000000416;;tidalvolumenexp-Observations: Tidalvolumen (expir);tidalvolumenexp-Observations: Tidalvolumen (expir);;numerical;;;timestamp;;;;32817;21490752;Tidal volume expired Respiratory system airway;LOINC;75958-9;Measurement;This could be replaced with LOINC 	76007-4	if sure on ventilator;value;;;;ml;8587;8587;;;;;;;;;;;;;
4000000417;;tidalvolumenins-Tidalvolumen (inspir), Unit: ml, Aggregation: No aggregation, Period: Any;tidalvolumenins-Tidalvolumen (inspir), Unit: ml, Aggregation: No aggregation, Period: Any;;numerical;;;timestamp;;;;32817;36303816;Tidal volume.inspired;LOINC;20110-3;Measurement;This could be replaced with LOINC 	20110-3	if sure on ventilator and tidal includes spontaneous;value;;;;ml;8587;8587;;;;;;;;;;;;;
4000000418;;tidalvolumenins-Observations: Tidalvolumen (inspir);tidalvolumenins-Observations: Tidalvolumen (inspir);;numerical;;;timestamp;;;;32817;36303816;Tidal volume.inspired;LOINC;20110-3;Measurement;This could be replaced with LOINC 	20110-3	if sure on ventilator and tidal includes spontaneous;value;;;;ml;8587;8587;;;;;;;;;;;;;
4000000419;;tidalvolumenind-Tidalvolumen indstilling, Unit: ml, Aggregation: No aggregation, Period: Any;tidalvolumenind-Tidalvolumen indstilling, Unit: ml, Aggregation: No aggregation, Period: Any;;numerical;;;timestamp;;;;32817;3012410;Tidal volume setting Ventilator;LOINC;20112-9;Measurement;;value;;;;ml;8587;8587;;;;;;;;;;;;;
4000000420;;invbt-Observations: Inv. BT syst.;invbt-Observations: Inv. BT syst.;;numerical;;;timestamp;;;;32817;21490853;Invasive Systolic blood pressure;LOINC;76215-3;Measurement;;value;;;;mmhg;8876;8876;;;;;;;;;;;;;
4000000421;;invbt-Inv. BT syst., Unit: mmHg, Aggregation: No aggregation, Period: Any;invbt-Inv. BT syst., Unit: mmHg, Aggregation: No aggregation, Period: Any;;numerical;;;timestamp;;;;32817;21490853;Invasive Systolic blood pressure;LOINC;76215-3;Measurement;;value;;;;mmhg;8876;8876;;;;;;;;;;;;;
4000000422;;invbt-Observations: Inv. BT diast.;invbt-Observations: Inv. BT diast.;;numerical;;;timestamp;;;;32817;21490851;Invasive Diastolic blood pressure;LOINC;76213-8;Measurement;;value;;;;mmhg;8876;8876;;;;;;;;;;;;;
4000000423;;invmap-Inv. MAP, Unit: mmHg, Aggregation: No aggregation, Period: Any;invmap-Inv. MAP, Unit: mmHg, Aggregation: No aggregation, Period: Any;;numerical;;;timestamp;;;;32817;21490852;Invasive Mean blood pressure;LOINC;76214-6;Measurement;;value;;;;mmhg;8876;8876;;;;;;;;;;;;;
4000000424;;invmap-Observations: Inv. MAP;invmap-Observations: Inv. MAP;;numerical;;;timestamp;;;;32817;21490852;Invasive Mean blood pressure;LOINC;76214-6;Measurement;;value;;;;mmhg;8876;8876;;;;;;;;;;;;;
4000000425;;noninv-Non inv. BT syst., Unit: mmHg, Aggregation: No aggregation, Period: Any;noninv-Non inv. BT syst., Unit: mmHg, Aggregation: No aggregation, Period: Any;;numerical;;;timestamp;;;;32817;21490779;Systolic blood pressure by Continuous non-invasive monitoring;LOINC;75997-7;Measurement;;value;;;;mmhg;8876;8876;;;;;;;;;;;;;
4000000426;;noninv-Observations: Non inv. BT syst.;noninv-Observations: Non inv. BT syst.;;numerical;;;timestamp;;;;32817;21490779;Systolic blood pressure by Continuous non-invasive monitoring;LOINC;75997-7;Measurement;;value;;;;mmhg;8876;8876;;;;;;;;;;;;;
4000000427;;noninv-Non inv. BT diast., Unit: mmHg, Aggregation: No aggregation, Period: Any;noninv-Non inv. BT diast., Unit: mmHg, Aggregation: No aggregation, Period: Any;;numerical;;;timestamp;;;;32817;21490777;Diastolic blood pressure by Continuous non-invasive monitoring;LOINC;75995-1;Measurement;;value;;;;mmhg;8876;8876;;;;;;;;;;;;;
4000000428;;noninv-Observations: Non inv. MAP;noninv-Observations: Non inv. MAP;;numerical;;;timestamp;;;;32817;21490778;Mean blood pressure by Continuous non-invasive monitoring;LOINC;75996-9;Measurement;;value;;;;mmhg;8876;8876;;;;;;;;;;;;;
4000000429;;noninv-Non inv. MAP, Unit: mmHg, Aggregation: No aggregation, Period: Any;noninv-Non inv. MAP, Unit: mmHg, Aggregation: No aggregation, Period: Any;;numerical;;;timestamp;;;;32817;21490778;Mean blood pressure by Continuous non-invasive monitoring;LOINC;75996-9;Measurement;;value;;;;mmhg;8876;8876;;;;;;;;;;;;;
4000000430;;map-MAP, Unit: mmHg, Aggregation: No aggregation, Period: Any;map-MAP, Unit: mmHg, Aggregation: No aggregation, Period: Any;;numerical;;;timestamp;;;;32817;3027598;Mean blood pressure;LOINC;8478-0;Measurement;;value;;;;mmhg;8876;8876;;;;;;;;;;;;;
4000000431;;map-Observations: MAP;map-Observations: MAP;;numerical;;;timestamp;;;;32817;3027598;Mean blood pressure;LOINC;8478-0;Measurement;;value;;;;mmhg;8876;8876;;;;;;;;;;;;;
4000000432;;sats2-SAT (SaO2), Unit: %, Aggregation: No aggregation, Period: Any;sats2-SAT (SaO2), Unit: %, Aggregation: No aggregation, Period: Any;;numerical;;;timestamp;;;;32817;40762499;Oxygen saturation in Arterial blood by Pulse oximetry;LOINC;59408-5;Measurement;;value;;;;%;8554;8554;;;;;;;;;;;;;
4000000433;;sats2-Observations: SAT (SaO2);sats2-Observations: SAT (SaO2);;numerical;;;timestamp;;;;32817;40762499;Oxygen saturation in Arterial blood by Pulse oximetry;LOINC;59408-5;Measurement;;value;;;;%;8554;8554;;;;;;;;;;;;;
4000000434;;respfrk-Observations: Resp. Frekvens;respfrk-Observations: Resp. Frekvens;;;;;;;;;;;;;;;;;;;;;;;;;;;;;;;;;;;
4000000435;;respfrk-Observations: Resp. frekvens monitor;respfrk-Observations: Resp. frekvens monitor;;;;;;;;;;;;;;;;;;;;;;;;;;;;;;;;;;;
4000000436;;respfrk-Resp. Frekvens talt, Unit: /min, Aggregation: No aggregation, Period: Any;respfrk-Resp. Frekvens talt, Unit: /min, Aggregation: No aggregation, Period: Any;;;;;;;;;;;;;;;;;;;;;;;;;;;;;;;;;;;
4000000437;;respfrk-Resp. Frekvens, Unit: /min, Aggregation: No aggregation, Period: Any;respfrk-Resp. Frekvens, Unit: /min, Aggregation: No aggregation, Period: Any;;;;;;;;;;;;;;;;;;;;;;;;;;;;;;;;;;;
4000000438;;respfrk-Resp. frekvens indstilling, Unit: /min, Aggregation: No aggregation, Period: Any;respfrk-Resp. frekvens indstilling, Unit: /min, Aggregation: No aggregation, Period: Any;;;;;;;;;;;;;;;;;;;;;;;;;;;;;;;;;;;
4000000439;;respfrk-Resp. frekvens monitor, Unit: /min, Aggregation: No aggregation, Period: Any;respfrk-Resp. frekvens monitor, Unit: /min, Aggregation: No aggregation, Period: Any;;;;;;;;;;;;;;;;;;;;;;;;;;;;;;;;;;;
4000000440;;respfrk-Resp. frekvens respirator, Unit: /min, Aggregation: No aggregation, Period: Any;respfrk-Resp. frekvens respirator, Unit: /min, Aggregation: No aggregation, Period: Any;;;;;;;;;;;;;;;;;;;;;;;;;;;;;;;;;;;
4000000600;;gcs-GCS, Aggregation: No aggregation, Period: Any__10;gcs-GCS, Aggregation: No aggregation, Period: Any;10;categorical;;;timestamp;;;;32817;3032652;glasgow coma scale;LOINC;;Measurement;;;45878306;;;;;;;;;;;;;;;;;;
4000000700;;gcs-GCS, Aggregation: No aggregation, Period: Any__11;gcs-GCS, Aggregation: No aggregation, Period: Any;11;categorical;;;timestamp;;;;32817;3032652;glasgow coma scale;LOINC;;Measurement;;;45881814;;;;;;;;;;;;;;;;;;
4000000800;;gcs-GCS, Aggregation: No aggregation, Period: Any__12;gcs-GCS, Aggregation: No aggregation, Period: Any;12;categorical;;;timestamp;;;;32817;3032652;glasgow coma scale;LOINC;;Measurement;;;45882131;;;;;;;;;;;;;;;;;;
4000000900;;gcs-GCS, Aggregation: No aggregation, Period: Any__13;gcs-GCS, Aggregation: No aggregation, Period: Any;13;categorical;;;timestamp;;;;32817;3032652;glasgow coma scale;LOINC;;Measurement;;;45882913;;;;;;;;;;;;;;;;;;
4000001000;;gcs-GCS, Aggregation: No aggregation, Period: Any__14;gcs-GCS, Aggregation: No aggregation, Period: Any;14;categorical;;;timestamp;;;;32817;3032652;glasgow coma scale;LOINC;;Measurement;;;45876965;;;;;;;;;;;;;;;;;;
4000001100;;gcs-GCS, Aggregation: No aggregation, Period: Any__15;gcs-GCS, Aggregation: No aggregation, Period: Any;15;categorical;;;timestamp;;;;32817;3032652;glasgow coma scale;LOINC;;Measurement;;;45879165;;;;;;;;;;;;;;;;;;
4000001200;;ringerlkt;ringerlkt,Ringer-Laktat (indgivet), Unit: ml, Aggregation: No aggregation, Period: Any;;numerical;;;timestamp;;;;32817;36944447;1000 ML calcium chloride 0.268 MG/ML / lactate 3.1 MG/ML / potassium chloride 0.4 MG/ML / sodium chloride 6 MG/ML Injectable Solution [Ringer-Lactate];RxNorm Extension;;Drug;;value;;;;;;;;0.001;12 hours;;;;;;;;;;
4000001300;;hf-Observations: HF;hf-Observations: HF;;numerical;;;timestamp;;;;32817;3027018;;RxNorm Extension;;Drug;;value;;;;;;;;0.001;12 hours;;;;;;;;;;
5000000000;;NPU19651;ALANINE TRANSAMINASE (ALAT)|P|IU/L|NPU19651;;numerical;;;timestamp;;;;32879;46236949;Alanine aminotransferase [Enzymatic activity/volume] in Serum, Plasma or Blood;LOINC;;Measurement;;shown_clean;;;;;;8645;;;;;;;;;;;;;
5000000010;;NPU19661;"ALBUMIN / CREATININE; RATIO|U|mIU|NPU19661";;numerical;;;timestamp;;;;32879;3034485;Albumin/Creatinine [Mass Ratio] in Urine;LOINC;;Measurement;;shown_clean;;;;;;9154;;;;;;;;;;;;;
5000000020;;NPU19673;ALBUMIN|P|g/L|NPU19673;;numerical;;;timestamp;;;;32879;3024561;Albumin [Mass/volume] in Serum or Plasma;LOINC;;Measurement;;shown_clean;;;;;;8636;;;;;;;;;;;;;
5000000030;;NPU19677;ALBUMIN|U|mg/L|NPU19677;;numerical;;;timestamp;;;;32879;3012516;Albumin [Mass/volume] in Urine;LOINC;;Measurement;;shown_clean;;;;;;8751;;;;;;;;;;;;;
5000000040;;NPU19655;ALKALINE PHOSPHATASE|P|IU/L|NPU19655;;numerical;;;timestamp;;;;32879;3035995;Alkaline phosphatase [Enzymatic activity/volume] in Serum or Plasma;LOINC;;Measurement;;shown_clean;;;;;;8645;;;;;;;;;;;;;
5000000050;;NPU27783;ALKALINE PHOSPHATASE|P|IU/L|NPU27783;;numerical;;;timestamp;;;;32879;3035995;Alkaline phosphatase [Enzymatic activity/volume] in Serum or Plasma;LOINC;;Measurement;;shown_clean;;;;;;8645;;;;;;;;;;;;;
5000000060;;NPU03928;AMMONIUM|P|umol/L|NPU03928;;numerical;;;timestamp;;;;32879;3023183;Ammonium ion [Moles/volume] in Plasma;LOINC;;Measurement;;shown_clean;;;;;;8749;;;;;;;;;;;;;
5000000070;;NPU19653;AMYLASE PANCREAS TYPE|P|IU/L|NPU19653;;numerical;;;timestamp;;;;32879;3016771;Amylase [Enzymatic activity/volume] in Serum or Plasma;LOINC;;Measurement;;shown_clean;;;;;;8645;;;;;;;;;;;;;
5000000080;;NPU19652;AMYLASE|P|IU/L|NPU19652;;numerical;;;timestamp;;;;32879;3016771;Amylase [Enzymatic activity/volume] in Serum or Plasma;LOINC;;Measurement;;shown_clean;;;;;;8645;;;;;;;;;;;;;
5000000090;;NPU18415;ANION GAP (INCL. K +)|P|mmol/L|NPU18415;;numerical;;;timestamp;;;;32879;3045716;Anion gap in Serum or Plasma;LOINC;;Measurement;;shown_clean;;;;;;8753;;;;;;;;;;;;;
5000000100;;NPU10007;ANTITHROMBIN|P|KIU/L|NPU10007;;numerical;;;timestamp;;;;32879;3008009;Antithrombin Ag [Units/volume] in Platelet poor plasma by Immunoassay;LOINC;;Measurement;;shown_clean;;;;;;9058;;;;;;;;;;;;;
5000000110;;NPU19654;ASPARTATE TRANSAMINASE [ASAT]|P|IU/L|NPU19654;;numerical;;;timestamp;;;;32879;3013721;Aspartate aminotransferase [Enzymatic activity/volume] in Serum or Plasma;LOINC;;Measurement;;shown_clean;;;;;;8645;;;;;;;;;;;;;
5000000120;;NPU10762;ATYPICAL CELLS|B|x 10^9 IU/L|NPU10762;;numerical;;;timestamp;;;;32879;3038577;Mononuclear cells atypical [#/volume] in Blood by Manual count;LOINC;;Measurement;;shown_clean;;;;;;9444;;;;;;;;;;;;;
5000000130;;NPU03815;BASE EXCESS|Ecv|mmol/L|NPU03815;;numerical;;;timestamp;;;;32879;21490592;Base excess in Extracellular fluid by calculation;LOINC;;Measurement;;shown_clean;;;;;;8753;;;;;;;;;;;;;
5000000140;;POC00143;BASE EXCESS|Ecv|mmol/L|POC00143;;numerical;;;timestamp;;;;32879;21490592;Base excess in Extracellular fluid by calculation;LOINC;;Measurement;;shown_clean;;;;;;8753;;;;;;;;;;;;;
5000000150;;POC00144;BASE EXCESS|Ecv|mmol/L|POC00144;;numerical;;;timestamp;;;;32879;21490592;Base excess in Extracellular fluid by calculation;LOINC;;Measurement;;shown_clean;;;;;;8753;;;;;;;;;;;;;
5000000160;;NPU12518;BASE EXCESS|P|mmol/L|NPU12518;;numerical;;;timestamp;;;;32879;3003396;Base excess in Arterial blood by calculation;LOINC;;Measurement;;shown_clean;;;;;;8753;;;;;;;;;;;;;
5000000170;;POC00121;BASE EXCESS|P|mmol/L|POC00121;;numerical;;;timestamp;;;;32879;21490592;Base excess in Extracellular fluid by calculation;LOINC;;Measurement;;shown_clean;;;;;;8753;;;;;;;;;;;;;
5000000180;;NPU01349;BASOPHILS|B|x 10^9 IU/L|NPU01349;;numerical;;;timestamp;;;;32879;3006315;Basophils [#/volume] in Blood;LOINC;;Measurement;;shown_clean;;;;;;9444;;;;;;;;;;;;;
5000000190;;GEN00980;BICARBONATE|P|mmol/L|GEN00980;;numerical;;;timestamp;;;;32879;42868453;Bicarbonate [Moles/volume] standard in Plasma;LOINC;;Measurement;;shown_clean;;;;;;8753;;;;;;;;;;;;;
5000000200;;NPU02409;BICARBONATE|P|mmol/L|NPU02409;;numerical;;;timestamp;;;;32879;3014218;Bicarbonate [Moles/volume] standard in Arterial blood;LOINC;;Measurement;;shown_clean;;;;;;8753;;;;;;;;;;;;;
5000000210;;NPU02410;BICARBONATE|P|mmol/L|NPU02410;;numerical;;;timestamp;;;;32879;42868453;Bicarbonate [Moles/volume] standard in Plasma;LOINC;;Measurement;BS: hydrogen carbonate = bicarbonate;shown_clean;;;;;;8753;;;;;;;;;;;;;
5000000220;;NPU14266;BICARBONATE|P|mmol/L|NPU14266;;numerical;;;timestamp;;;;32879;3016293;Bicarbonate [Moles/volume] in Serum or Plasma;LOINC;;Measurement;;shown_clean;;;;;;8753;;;;;;;;;;;;;
5000000230;;POC00151;BICARBONATE|P|mmol/L|POC00151;;numerical;;;timestamp;;;;32879;42868453;Bicarbonate [Moles/volume] standard in Plasma;LOINC;;Measurement;;shown_clean;;;;;;8753;;;;;;;;;;;;;
5000000240;;POC00153;BICARBONATE|P|mmol/L|POC00153;;numerical;;;timestamp;;;;32879;42868453;Bicarbonate [Moles/volume] standard in Plasma;LOINC;;Measurement;;shown_clean;;;;;;8753;;;;;;;;;;;;;
5000000250;;POC00154;BICARBONATE|P|mmol/L|POC00154;;numerical;;;timestamp;;;;32879;42868453;Bicarbonate [Moles/volume] standard in Plasma;LOINC;;Measurement;;shown_clean;;;;;;8753;;;;;;;;;;;;;
5000000260;;NPU01370;BILIRUBIN|P|umol/L|NPU01370;;numerical;;;timestamp;;;;32879;3006140;Bilirubin.total [Moles/volume] in Serum or Plasma;LOINC;;Measurement;;shown_clean;;;;;;8749;;;;;;;;;;;;;
5000000270;;POC00003;BILIRUBIN|P|umol/L|POC00003;;numerical;;;timestamp;;;;32879;3006140;Bilirubin.total [Moles/volume] in Serum or Plasma;LOINC;;Measurement;;shown_clean;;;;;;8749;;;;;;;;;;;;;
5000000280;;NPU03972;BLAST CELLS|B|x 10^9 IU/L|NPU03972;;numerical;;;timestamp;;;;32879;;;;;;;shown_clean;;;;;;9444;;;;;;;;;;;;;
5000000290;;NPU19748;C-REACTIVE PROTEIN (CRP)|P|mg/L|NPU19748;;numerical;;;timestamp;;;;32879;46234770;C reactive protein [Moles/volume] in Serum or Plasma;LOINC;;Measurement;;shown_clean;;;;;;8751;;;;;;;;;;;;;
5000000300;;NPU04169;CALCIUM (ALBUMIN-CORRECTED)|P|mmol/L|NPU04169;;numerical;;;timestamp;;;;32879;3047107;Calcium [Mass/volume] corrected for albumin in Serum or Plasma;LOINC;;Measurement;;shown_clean;;;;;;8753;;;;;;;;;;;;;
5000000310;;GEN00998;CALCIUM ION-FREE|P|mmol/L|GEN00998;;numerical;;;timestamp;;;;32879;3027694;Calcium.ionized [Mass/volume] in Serum or Plasma;LOINC;;Measurement;;shown_clean;;;;;;8753;;;;;;;;;;;;;
5000000320;;NPU01446;CALCIUM ION-FREE|P|mmol/L|NPU01446;;numerical;;;timestamp;;;;32879;3027694;Calcium.ionized [Mass/volume] in Serum or Plasma;LOINC;;Measurement;;shown_clean;;;;;;8753;;;;;;;;;;;;;
5000000330;;NPU04144;CALCIUM ION-FREE|P|mmol/L|NPU04144;;numerical;;;timestamp;;;;32879;3027694;Calcium.ionized [Mass/volume] in Serum or Plasma;LOINC;;Measurement;;shown_clean;;;;;;8753;;;;;;;;;;;;;
5000000340;;POC00028;CALCIUM ION-FREE|P|mmol/L|POC00028;;numerical;;;timestamp;;;;32879;3014576;Chloride [Moles/volume] in Serum or Plasma;LOINC;;Measurement;;shown_clean;;;;;;8753;;;;;;;;;;;;;
5000000350;;NPU01443;CALCIUM|P|mmol/L|NPU01443;;numerical;;;timestamp;;;;32879;3027694;Calcium.ionized [Mass/volume] in Serum or Plasma;LOINC;;Measurement;;shown_clean;;;;;;8753;;;;;;;;;;;;;
5000000360;;NPU01459;CARBAMIDE|P|mmol/L|NPU01459;;numerical;;;timestamp;;;;32879;3020779;Urea [Moles/volume] in Serum or Plasma;LOINC;;Measurement;;shown_clean;;;;;;8753;;;;;;;;;;;;;
5000000370;;NPU01458;CARBAMIDE|Pt(U)|mmol/d|NPU01458;;numerical;;;timestamp;;;;32879;3015672;Urea [Moles/volume] in 24 hour Urine;LOINC;;Measurement;"BS: note that the result can actually be less than 24 hours; not sure how to best capture this";shown_clean;;;;;;3198629;;;;;;;;;;;;;
5000000380;;NPU03930;CARBAMIDE|U|mmol/L|NPU03930;;numerical;;;timestamp;;;;32879;3012898;Urea [Moles/volume] in Urine;LOINC;;Measurement;;shown_clean;;;;;;8753;;;;;;;;;;;;;
5000000390;;POC00002;CARBON MONOXIDE HEMOGLOBIN|Hb(B)|%|POC00002;;numerical;;;timestamp;;;;32879;3023081;Carboxyhemoglobin/Hemoglobin.total in Blood;LOINC;;Measurement;;shown_clean;;;;;;8554;;;;;;;;;;;;;
5000000400;;NPU01473;CARBON MONOXIDE HEMOGLOBIN|Hb(B)|NA|NPU01473;;numerical;;;timestamp;;;;32879;3023081;Carboxyhemoglobin/Hemoglobin.total in Blood;LOINC;;Measurement;;shown_clean;;;;;;8554;;;;;;;;;;;;;
5000000410;;NPU19719;"CARCINOEMBRYONIC ANTIGEN; AMOUNT (CEA)|P|ug/L|NPU19719";;numerical;;;timestamp;;;;32879;3003785;Carcinoembryonic Ag [Mass/volume] in Serum or Plasma;LOINC;;Measurement;;shown_clean;;;;;;8748;;;;;;;;;;;;;
5000000420;;GEN00986;CHLORIDE|P|mmol/L|GEN00986;;numerical;;;timestamp;;;;32879;3014576;Chloride [Moles/volume] in Serum or Plasma;LOINC;;Measurement;;shown_clean;;;;;;8753;;;;;;;;;;;;;
5000000430;;NPU01536;CHLORIDE|P|mmol/L|NPU01536;;numerical;;;timestamp;;;;32879;3014576;Chloride [Moles/volume] in Serum or Plasma;LOINC;;Measurement;;shown_clean;;;;;;8753;;;;;;;;;;;;;
5000000440;;POC00007;CHLORIDE|P|mmol/L|POC00007;;numerical;;;timestamp;;;;32879;3014576;Chloride [Moles/volume] in Serum or Plasma;LOINC;;Measurement;;shown_clean;;;;;;8753;;;;;;;;;;;;;
5000000450;;POC00008;CHLORIDE|P|mmol/L|POC00008;;numerical;;;timestamp;;;;32879;3014576;Chloride [Moles/volume] in Serum or Plasma;LOINC;;Measurement;;shown_clean;;;;;;8753;;;;;;;;;;;;;
5000000460;;POC00009;CHLORIDE|P|mmol/L|POC00009;;numerical;;;timestamp;;;;32879;3014576;Chloride [Moles/volume] in Serum or Plasma;LOINC;;Measurement;;shown_clean;;;;;;8753;;;;;;;;;;;;;
5000000470;;NPU01567;CHOLESTEROL HDL|P|mmol/L|NPU01567;;numerical;;;timestamp;;;;32879;3023602;Cholesterol in HDL [Moles/volume] in Serum or Plasma;LOINC;;Measurement;;shown_clean;;;;;;8753;;;;;;;;;;;;;
5000000480;;NPU01568;CHOLESTEROL LDL|P|mmol/L|NPU01568;;numerical;;;timestamp;;;;32879;3001308;Cholesterol in LDL [Moles/volume] in Serum or Plasma;LOINC;;Measurement;;shown_clean;;;;;;8753;;;;;;;;;;;;;
5000000490;;NPU01566;CHOLESTEROL TOTAL|P|mmol/L|NPU01566;;numerical;;;timestamp;;;;32879;40758961;Cholesterol esters [Moles/volume] in Serum or Plasma;LOINC;;Measurement;;shown_clean;;;;;;8753;;;;;;;;;;;;;
5000000500;;NPU01569;CHOLESTEROL VLDL|P|mmol/L|NPU01569;;numerical;;;timestamp;;;;32879;3022487;Cholesterol in VLDL [Moles/volume] in Serum or Plasma;LOINC;;Measurement;;shown_clean;;;;;;8753;;;;;;;;;;;;;
5000000510;;NPU19725;CICLOSPORIN|B|ug/L|NPU19725;;numerical;;;timestamp;;;;32879;3010375;cycloSPORINE [Mass/volume] in Blood;LOINC;;Measurement;;shown_clean;;;;;;8748;;;;;;;;;;;;;
5000000520;;NPU01472;CO2 TOTAL|P(vB)|mmol/L|NPU01472;;numerical;;;timestamp;;;;32879;3010140;Carbon dioxide, total [Moles/volume] in Venous blood;LOINC;;Measurement;;shown_clean;;;;;;8753;;;;;;;;;;;;;
5000000530;;NPU01471;CO2|P(aB)|mmol/L|NPU01471;;numerical;;;timestamp;;;;32879;3027946;Carbon dioxide [Partial pressure] in Arterial blood;LOINC;;Measurement;;shown_clean;;;;;;8753;;;;;;;;;;;;;
5000000540;;NPU18878;COAGULATION FACTOR II + VII + X (INR)|P|%|NPU18878;;numerical;;;timestamp;;;;32879;3002417;Prothrombin time (PT) in Blood by Coagulation assay;LOINC;;Measurement;BS: since this is an unstandardised metric that varies between labs, we use arbitrary unit from UMUC;shown_clean;;;;;;9260;;;;;;;;;;;;;
5000000550;;NPU18878;COAGULATION FACTOR II + VII + X (INR)|P|IU/L|NPU18878;;numerical;;;timestamp;;;;32879;3002417;Prothrombin time (PT) in Blood by Coagulation assay;LOINC;;Measurement;BS: since this is an unstandardised metric that varies between labs, we use arbitrary unit from UMUC;shown_clean;;;;;;9260;;;;;;;;;;;;;
5000000560;;NPU18878;COAGULATION FACTOR II + VII + X (INR)|P|IU|NPU18878;;numerical;;;timestamp;;;;32879;3002417;Prothrombin time (PT) in Blood by Coagulation assay;LOINC;;Measurement;BS: since this is an unstandardised metric that varies between labs, we use arbitrary unit from UMUC;shown_clean;;;;;;9260;;;;;;;;;;;;;
5000000570;;NPU01685;COAGULATION FACTOR II + VII + X (INR)|P|NA|NPU01685;;numerical;;;timestamp;;;;32879;3032080;INR in Blood by Coagulation assay;LOINC;;Measurement;;shown_clean;;;;;;8523;;;;;;;;;;;;;
5000000580;;NPU01682;COAGULATION, SURFACE-INDUCED (APTT)|P|s|NPU01682;;numerical;;;timestamp;;;;32879;3013466;aPTT in Blood by Coagulation assay;LOINC;;Measurement;;shown_clean;;;;;;8555;;;;;;;;;;;;;
5000000590;;NPU19750;CREATINE KINASE MB (CKMB)|P|ug/L|NPU19750;;numerical;;;timestamp;;;;32879;3005785;Creatine kinase.MB [Mass/volume] in Serum or Plasma;LOINC;;Measurement;;shown_clean;;;;;;8748;;;;;;;;;;;;;
5000000600;;NPU19656;CREATINE KINASE TOTAL|P|IU/L|NPU19656;;numerical;;;timestamp;;;;32879;3007220;Creatine kinase [Enzymatic activity/volume] in Serum or Plasma;LOINC;;Measurement;;shown_clean;;;;;;8645;;;;;;;;;;;;;
5000000610;;NPU14048;CREATININE CLEARANCE|Kidney|mL/min/1.73m2|NPU14048;;numerical;;;timestamp;;;;32879;3047148;Creatinine renal clearance in Urine and Serum or Plasma collected for unspecified duration;LOINC;;Measurement;;shown_clean;;;;;;8795;;;;;;;;;;;;;
5000000620;;NPU04998;CREATININE|P|umol/L|NPU04998;;numerical;;;timestamp;;;;32879;3020564;Creatinine [Moles/volume] in Serum or Plasma;LOINC;;Measurement;;shown_clean;;;;;;8749;;;;;;;;;;;;;
5000000630;;NPU18016;CREATININE|P|umol/L|NPU18016;;numerical;;;timestamp;;;;32879;40762887;Creatinine [Moles/volume] in Blood;LOINC;;Measurement;;shown_clean;;;;;;8749;;;;;;;;;;;;;
5000000640;;POC00109;CREATININE|P|umol/L|POC00109;;numerical;;;timestamp;;;;32879;3020564;Creatinine [Moles/volume] in Serum or Plasma;LOINC;;Measurement;;shown_clean;;;;;;8749;;;;;;;;;;;;;
5000000650;;NPU03800;CREATININE|Pt(U)|mmol/d|NPU03800;;numerical;;;timestamp;;;;32879;43055681;Creatinine [Mass/time] by Calculated in Urine collected for unspecified duration;LOINC;;Measurement;;shown_clean;;;;;;8909;;;;;;;;;;;;;
5000000660;;NPU09102;CREATININE|U|mmol/L|NPU09102;;numerical;;;timestamp;;;;32879;3009508;Creatinine [Moles/volume] in Urine;LOINC;;Measurement;;shown_clean;;;;;;8753;;;;;;;;;;;;;
5000000670;;NPU28289;D-DIMER|P|FEU mg/L|NPU28289;;numerical;;;timestamp;;;;32879;42870366;Fibrin D-dimer FEU [Mass/volume] in Blood by Immunoassay;LOINC;;Measurement;BS: the p.d.u. here seems to be FEU mg/L, which is also the standard unit for the concept in LOINC;shown_clean;;;;;;44777663;;;;;;;;;;;;;
5000000680;;NPU19767;D-DIMER|P|mg/L|NPU19767;;numerical;;;timestamp;;;;32879;42870366;Fibrin D-dimer FEU [Mass/volume] in Blood by Immunoassay;LOINC;;Measurement;;shown_clean;;;;;;44777663;;;;;;;;;;;;;
5000000690;;NPU28289;D-DIMER|P|mg/L|NPU28289;;numerical;;;timestamp;;;;32879;42870366;Fibrin D-dimer FEU [Mass/volume] in Blood by Immunoassay;LOINC;;Measurement;BS: the p.d.u. here seems to be FEU mg/L, which is also the standard unit for the concept in LOINC;shown_clean;;;;;;44777663;;;;;;;;;;;;;
5000000700;;NPU01933;EOSINOPHILS|B|x 10^9 IU/L|NPU01933;;numerical;;;timestamp;;;;32879;3013115;Eosinophils [#/volume] in Blood;LOINC;;Measurement;;shown_clean;;;;;;9444;;;;;;;;;;;;;
5000000710;;NPU01943;ERYTHROBLASTS|B|x 10^9 IU/L|NPU01943;;numerical;;;timestamp;;;;32879;;;;;;;shown_clean;;;;;;9444;;;;;;;;;;;;;
5000000720;;NPU01961;ERYTHROCYTES, VOL.FR. (EVF)|B|NA|NPU01961;;numerical;;;timestamp;;;;32879;3009542;Hematocrit [Volume Fraction] of Blood;LOINC;;Measurement;;shown_clean;;;;;;8554;;;;;;;;;;;;;
5000000730;;NPU01960;ERYTHROCYTES|B|x 10^12 IU/L|NPU01960;;numerical;;;timestamp;;;;32879;3026361;Erythrocytes [#/volume] in Blood;LOINC;;Measurement;;shown_clean;;;;;;8734;;;;;;;;;;;;;
5000000740;;NPU01944;ERYTROCYTVOL. AGENT [MCV]|B|fL|NPU01944;;numerical;;;timestamp;;;;32879;3024731;MCV [Entitic volume];LOINC;;Measurement;;shown_clean;;;;;;8583;;;;;;;;;;;;;
5000000750;;NPU01992;ETHANOL|P|mmol/L|NPU01992;;numerical;;;timestamp;;;;32879;3020191;Ethanol [Moles/volume] in Serum or Plasma;LOINC;;Measurement;;shown_clean;;;;;;8753;;;;;;;;;;;;;
5000000760;;NPU19763;FERRITIN|P|ug/L|NPU19763;;numerical;;;timestamp;;;;32879;3001122;Ferritin [Mass/volume] in Serum or Plasma;LOINC;;Measurement;;shown_clean;;;;;;8748;;;;;;;;;;;;;
5000000770;;NPU19766;FETOPROTEIN|P|ug/L|NPU19766;;numerical;;;timestamp;;;;32879;3009306;Alpha-1-Fetoprotein [Mass/volume] in Serum or Plasma;LOINC;;Measurement;;shown_clean;;;;;;8748;;;;;;;;;;;;;
5000000780;;NPU21536;FIBRINOGEN|P|umol/L|NPU21536;;numerical;;;timestamp;;;;32879;3052964;Fibrinogen [Mass/volume] in Platelet poor plasma by Coagulation.derived;LOINC;;Measurement;"BS: conversion factor is actually 1/29.41 = 0.034002040122407; taken from https://academic.oup.com/amamanualofstyle/si-conversion-calculator";shown_clean;;;;;;8636;;0.034002040122407;;;;;;;;;;;
5000000790;;NPU02070;FOLATES|P|nmol/L|NPU02070;;numerical;;;timestamp;;;;32879;3021960;Folate [Moles/volume] in Serum or Plasma;LOINC;;Measurement;;shown_clean;;;;;;8736;;;;;;;;;;;;;
5000000800;;DNK35131;GLOMERULAR FILTRATION (EGFR)|Kidney|mL/min/1.73m2|DNK35131;;numerical;;;timestamp;;;;32879;46236952;Glomerular filtration rate/1.73 sq M.predicted [Volume Rate/Area] in Serum, Plasma or Blood by Creatinine-based formula (MDRD);LOINC;;Measurement;BS: Could also be 40771922 Glomerular filtration rate/1.73 sq M.predicted [Volume Rate/Area] in Serum, Plasma or Blood;shown_clean;;;;;;8795;;;;;;;;;;;;;
5000000810;;DNK35302;GLOMERULAR FILTRATION (EGFR)|Kidney|mL/min/1.73m2|DNK35302;;numerical;;;timestamp;;;;32879;40764999;Glomerular filtration rate/1.73 sq M.predicted [Volume Rate/Area] in Serum, Plasma or Blood by Creatinine-based formula (CKD-EPI);LOINC;;Measurement;BS: Could also be 40771922 Glomerular filtration rate/1.73 sq M.predicted [Volume Rate/Area] in Serum, Plasma or Blood;shown_clean;;;;;;8795;;;;;;;;;;;;;
5000000820;;POC00095;GLOMERULAR FILTRATION (EGFR)|Kidney|mL/min/1.73m2|POC00095;;numerical;;;timestamp;;;;32879;40771922;Glomerular filtration rate/1.73 sq M.predicted [Volume Rate/Area] in Serum, Plasma or Blood;LOINC;;Measurement;BS: we don't know the formula used, so seems better to use the general eGFR concept;shown_clean;;;;;;8795;;;;;;;;;;;;;
5000000830;;DNK35842;"GLUCOSE (FASTING)|P(vB; fPt)|mmol/L|DNK35842";;numerical;;;timestamp;;;;32879;3038515;Glucose [Moles/volume] in Venous blood;LOINC;;Measurement;;shown_clean;;;;;;8753;;;;;;;;;;;;;
5000000840;;NPU27412;GLUCOSE (FROM HBA1C)|P|mmol/L|NPU27412;;numerical;;;timestamp;;;;32879;3034639;Hemoglobin A1c [Mass/volume] in Blood;LOINC;;Measurement;BS: 1 mmol/L = 18 mg/dL <=> 1 mg/dL ~= 0.055555555556 mmol/L;shown_clean;;;;;;8840;;0.055555555555556;;;;;;;;;;;
5000000850;;NPU22072;GLUCOSE KL. 03:00|P|mmol/L|NPU22072;;numerical;;;timestamp;;;;32879;3040151;Glucose [Moles/volume] in Capillary blood;LOINC;;Measurement;;shown_clean;;;;;;8753;;;;;;;;;;;;;
5000000860;;NPU22111;GLUCOSE KL. 08:00|P|mmol/L|NPU22111;;numerical;;;timestamp;;;;32879;3040151;Glucose [Moles/volume] in Capillary blood;LOINC;;Measurement;;shown_clean;;;;;;8753;;;;;;;;;;;;;
5000000870;;NPU22112;GLUCOSE KL. 08.30|P|mmol/L|NPU22112;;numerical;;;timestamp;;;;32879;3040151;Glucose [Moles/volume] in Capillary blood;LOINC;;Measurement;;shown_clean;;;;;;8753;;;;;;;;;;;;;
5000000880;;NPU22114;GLUCOSE KL. 12:00|P|mmol/L|NPU22114;;numerical;;;timestamp;;;;32879;3040151;Glucose [Moles/volume] in Capillary blood;LOINC;;Measurement;;shown_clean;;;;;;8753;;;;;;;;;;;;;
5000000890;;NPU22115;GLUCOSE KL. 12:30|P|mmol/L|NPU22115;;numerical;;;timestamp;;;;32879;3040151;Glucose [Moles/volume] in Capillary blood;LOINC;;Measurement;;shown_clean;;;;;;8753;;;;;;;;;;;;;
5000000900;;NPU22120;GLUCOSE KL. 17:00|P|mmol/L|NPU22120;;numerical;;;timestamp;;;;32879;3040151;Glucose [Moles/volume] in Capillary blood;LOINC;;Measurement;;shown_clean;;;;;;8753;;;;;;;;;;;;;
5000000910;;NPU22121;GLUCOSE KL. 17:30|P|mmol/L|NPU22121;;numerical;;;timestamp;;;;32879;3040151;Glucose [Moles/volume] in Capillary blood;LOINC;;Measurement;;shown_clean;;;;;;8753;;;;;;;;;;;;;
5000000920;;NPU22083;GLUCOSE KL. 21:30|P|mmol/L|NPU22083;;numerical;;;timestamp;;;;32879;3040151;Glucose [Moles/volume] in Capillary blood;LOINC;;Measurement;;shown_clean;;;;;;8753;;;;;;;;;;;;;
5000000930;;NPU22084;GLUCOSE KL. 22:00|P|mmol/L|NPU22084;;numerical;;;timestamp;;;;32879;3040151;Glucose [Moles/volume] in Capillary blood;LOINC;;Measurement;;shown_clean;;;;;;8753;;;;;;;;;;;;;
5000000940;;NPU02190;GLUCOSE|Csv|mmol/L|NPU02190;;numerical;;;timestamp;;;;32879;3020044;Glucose [Moles/volume] in Cerebral spinal fluid;LOINC;;Measurement;;shown_clean;;;;;;8753;;;;;;;;;;;;;
5000000950;;NPU21533;GLUCOSE|P(aB)|mmol/L|NPU21533;;numerical;;;timestamp;;;;32879;3044242;Glucose [Moles/volume] in Arterial blood;LOINC;;Measurement;;shown_clean;;;;;;8753;;;;;;;;;;;;;
5000000960;;NPU22089;GLUCOSE|P(kB)|mmol/L|NPU22089;;numerical;;;timestamp;;;;32879;3040151;Glucose [Moles/volume] in Capillary blood;LOINC;;Measurement;;shown_clean;;;;;;8753;;;;;;;;;;;;;
5000000970;;NPU02192;GLUCOSE|P|mmol/L|NPU02192;;numerical;;;timestamp;;;;32879;46236948;Glucose [Moles/volume] in Serum, Plasma or Blood;LOINC;;Measurement;;shown_clean;;;;;;8753;;;;;;;;;;;;;
5000000980;;POC00011;GLUCOSE|P|mmol/L|POC00011;;numerical;;;timestamp;;;;32879;3013826;Glucose [Moles/volume] in Serum or Plasma;LOINC;;Measurement;;shown_clean;;;;;;8753;;;;;;;;;;;;;
5000000990;;POC00038;GLUCOSE|P|mmol/L|POC00038;;numerical;;;timestamp;;;;32879;3013826;Glucose [Moles/volume] in Serum or Plasma;LOINC;;Measurement;;shown_clean;;;;;;8753;;;;;;;;;;;;;
5000001000;;NPU19657;GLUTAMYL TRANSFERASE|P|IU/L|NPU19657;;numerical;;;timestamp;;;;32879;3026910;Gamma glutamyl transferase [Enzymatic activity/volume] in Serum or Plasma;LOINC;;Measurement;;shown_clean;;;;;;8645;;;;;;;;;;;;;
5000001010;;NPU19788;HAPTOGLOBIN|P|g/L|NPU19788;;numerical;;;timestamp;;;;32879;3012336;Haptoglobin [Mass/volume] in Serum or Plasma;LOINC;;Measurement;;shown_clean;;;;;;8636;;;;;;;;;;;;;
5000001020;;RHB00001;HEMOGLOBIN A1C (HBA1C)|Hb(B)|%|RHB00001;;numerical;;;timestamp;;;;32879;3034639;Hemoglobin A1c [Mass/volume] in Blood;LOINC;;Measurement;BS: 1 mmol/L = 18 mg/dL <=> 1 mg/dL ~= 0.055555555556 mmol/L;shown_clean;;;;;;8840;;0.055555555555556;;;;;;;;;;;
5000001030;;NPU27300;HEMOGLOBIN A1C (HBA1C)|Hb(B)|mmol/mol|NPU27300;;numerical;;;timestamp;;;;32879;3034639;Hemoglobin A1c [Mass/volume] in Blood;LOINC;;Measurement;BS: 1 mmol/L = 18 mg/dL <=> 1 mg/dL ~= 0.055555555556 mmol/L;shown_clean;;;;;;8840;;0.055555555555556;;;;;;;;;;;
5000001040;;GEN00989;HEMOGLOBIN|B|mmol/L|GEN00989;;numerical;;;timestamp;;;;32879;40762351;Hemoglobin [Moles/volume] in Blood;LOINC;;Measurement;;shown_clean;;;;;;8753;;;;;;;;;;;;;
5000001050;;NPU02319;HEMOGLOBIN|B|mmol/L|NPU02319;;numerical;;;timestamp;;;;32879;40762351;Hemoglobin [Moles/volume] in Blood;LOINC;;Measurement;;shown_clean;;;;;;8753;;;;;;;;;;;;;
5000001060;;POC00012;HEMOGLOBIN|B|mmol/L|POC00012;;numerical;;;timestamp;;;;32879;40762351;Hemoglobin [Moles/volume] in Blood;LOINC;;Measurement;;shown_clean;;;;;;8753;;;;;;;;;;;;;
5000001070;;P0C00013;HEMOGLOBIN|B|mmol/L|POC00013;;numerical;;;timestamp;;;;32879;40762351;Hemoglobin [Moles/volume] in Blood;LOINC;;Measurement;;shown_clean;;;;;;8753;;;;;;;;;;;;;
5000001080;;POC00014;HEMOGLOBIN|B|mmol/L|POC00014;;numerical;;;timestamp;;;;32879;40762351;Hemoglobin [Moles/volume] in Blood;LOINC;;Measurement;;shown_clean;;;;;;8753;;;;;;;;;;;;;
5000001090;;NPU02320;HEMOGLOBIN|Ercs(B)|fmol|NPU02320;;numerical;;;timestamp;;;;32879;3035941;MCH [Entitic mass];LOINC;;Measurement;;shown_clean;;;;;;9498;;;;;;;;;;;;;
5000001100;;NPU02321;HEMOGLOBIN|Ercs(B)|mmol/L|NPU02321;;numerical;;;timestamp;;;;32879;40762351;Hemoglobin [Moles/volume] in Blood;LOINC;;Measurement;;shown_clean;;;;;;8753;;;;;;;;;;;;;
5000001110;;NPU02322;HEMOGLOBIN|P|umol/L|NPU02322;;numerical;;;timestamp;;;;32879;3024340;Free Hemoglobin [Moles/volume] in Plasma;LOINC;;Measurement;;shown_clean;;;;;;8749;;;;;;;;;;;;;
5000001120;;NPU17007;HEMOGLOBIN|Rtcs(B)|fmol|NPU17007;;numerical;;;timestamp;;;;32879;43533918;Hemoglobin [Entitic substance] in Reticulocytes by Automated count;LOINC;;Measurement;;shown_clean;;;;;;9498;;;;;;;;;;;;;
5000001130;;NPU12474;HYDROGEN ION|P(aB)|NA|NPU12474;;numerical;;;timestamp;;;;32879;3019977;pH of Arterial blood;LOINC;;Measurement;;shown_clean;;;;;;8482;;;;;;;;;;;;;
5000001140;;NPU02508;IRON|P|umol/L|NPU02508;;numerical;;;timestamp;;;;32879;3022948;Iron [Moles/volume] in Serum or Plasma;LOINC;;Measurement;;shown_clean;;;;;;8749;;;;;;;;;;;;;
5000001150;;NPU19658;LACTATE DEHYDROGENASE (LDH)|P|IU/L|NPU19658;;numerical;;;timestamp;;;;32879;3016436;Lactate dehydrogenase [Enzymatic activity/volume] in Serum or Plasma;LOINC;;Measurement;;shown_clean;;;;;;8645;;;;;;;;;;;;;
5000001160;;NPU03943;LACTATE|P(aB)|mmol/L|NPU03943;;numerical;;;timestamp;;;;32879;3018405;Lactate [Moles/volume] in Arterial blood;LOINC;;Measurement;;shown_clean;;;;;;8753;;;;;;;;;;;;;
5000001170;;NPU03944;LACTATE|P(vB)|mmol/L|NPU03944;;numerical;;;timestamp;;;;32879;3005491;Lactate [Moles/volume] in Plasma venous;LOINC;;Measurement;;shown_clean;;;;;;8753;;;;;;;;;;;;;
5000001180;;POC00024;LACTATE|P|mmol/L|POC00024;;numerical;;;timestamp;;;;32879;3014111;Lactate [Moles/volume] in Serum or Plasma;LOINC;;Measurement;;shown_clean;;;;;;8753;;;;;;;;;;;;;
5000001190;;POC00026;LACTATE|P|mmol/L|POC00026;;numerical;;;timestamp;;;;32879;3014111;Lactate [Moles/volume] in Serum or Plasma;LOINC;;Measurement;;shown_clean;;;;;;8753;;;;;;;;;;;;;
5000001200;;POC00027;LACTATE|P|mmol/L|POC00027;;numerical;;;timestamp;;;;32879;3014111;Lactate [Moles/volume] in Serum or Plasma;LOINC;;Measurement;;shown_clean;;;;;;8753;;;;;;;;;;;;;
5000001210;;NPU14267;LARGE UNSTAINED CELLS|B|x 10^9 IU/L|NPU14267;;numerical;;;timestamp;;;;32879;3023993;Large unstained cells [#/volume] in Blood;LOINC;;Measurement;;shown_clean;;;;;;9444;;;;;;;;;;;;;
5000001220;;NPU02593;LEUKOCYTES|B|x 10^9 IU/L|NPU02593;;numerical;;;timestamp;;;;32879;3010813;Leukocytes [#/volume] in Blood;LOINC;;Measurement;;shown_clean;;;;;;9444;;;;;;;;;;;;;
5000001230;;NPU17053;LEUKOCYTES|B|x 10^9 IU/L|NPU17053;;numerical;;;timestamp;;;;32879;3010813;Leukocytes [#/volume] in Blood;LOINC;;Measurement;;shown_clean;;;;;;9444;;;;;;;;;;;;;
5000001240;;NPU02636;LYMPHOCYTES|B|x 10^9 IU/L|NPU02636;;numerical;;;timestamp;;;;32879;3019198;Lymphocytes [#/volume] in Blood;LOINC;;Measurement;;shown_clean;;;;;;9444;;;;;;;;;;;;;
5000001250;;NPU27120;LYMPHOS. + MONO. + BLASTS|B|x 10^9 IU/L|NPU27120;;numerical;;;timestamp;;;;32879;3032360;Lymphocytes+Monocytes [#/volume] in Blood;LOINC;;Measurement;NB: LOINC concept does not comprise blast cells. The LOINC unit is 10^3/microlitre, which is equivalent to 10^9/L;shown_clean;;;;;;9444;;;;;;;;;;;;;
5000001260;;NPU02647;MAGNESIUM|P|mmol/L|NPU02647;;numerical;;;timestamp;;;;32879;3012095;Magnesium [Moles/volume] in Serum or Plasma;LOINC;;Measurement;;shown_clean;;;;;;8753;;;;;;;;;;;;;
5000001270;;NPU26631;METAMYELO. + MYELOMA. + PROMYELOCYTES|B|x 10^9 IU/L|NPU26631;;numerical;;;timestamp;;;;32879;3040168;Immature granulocytes [#/volume] in Blood;LOINC;;Measurement;;shown_clean;;;;;;9444;;;;;;;;;;;;;
5000001280;;NPU03978;METAMYELOCYTES|B|x 10^9 IU/L|NPU03978;;numerical;;;timestamp;;;;32879;3024507;Metamyelocytes [#/volume] in Blood;LOINC;;Measurement;;shown_clean;;;;;;9444;;;;;;;;;;;;;
5000001290;;NPU02725;METHEMOGLOBIN|Hb(B)|NA|NPU02725;;numerical;;;timestamp;;;;32879;3007930;Methemoglobin/Hemoglobin.total in Blood;LOINC;;Measurement;;shown_clean;;;;;;8554;;;;;;;;;;;;;
5000001300;;RHBO0821;MONOCYTES + BLASTS|B|x 10^9 IU/L|RHB00821;;numerical;;;timestamp;;;;32879;;;;;;;shown_clean;;;;;;;;;;;;;;;;;;;
5000001310;;NPU02840;MONOCYTES|B|x 10^9 IU/L|NPU02840;;numerical;;;timestamp;;;;32879;3001604;Monocytes [#/volume] in Blood;LOINC;;Measurement;;shown_clean;;;;;;9444;;;;;;;;;;;;;
5000001320;;NPU03976;MYELOCYTES|B|x 10^9 IU/L|NPU03976;;numerical;;;timestamp;;;;32879;3021120;Myelocytes [#/volume] in Blood;LOINC;;Measurement;;shown_clean;;;;;;9444;;;;;;;;;;;;;
5000001330;;NPU19865;MYOGLOBIN|P|ug/L|NPU19865;;numerical;;;timestamp;;;;32879;3005895;Myoglobin [Mass/volume] in Serum or Plasma;LOINC;;Measurement;;shown_clean;;;;;;8748;;;;;;;;;;;;;
5000001340;;NPU02902;NEUTROPHILS|B|x 10^9 IU/L|NPU02902;;numerical;;;timestamp;;;;32879;3017732;Neutrophils [#/volume] in Blood;LOINC;;Measurement;;shown_clean;;;;;;9444;;;;;;;;;;;;;
5000001350;;NPU28172;NEUTROPHILS|B|x 10^9 IU/L|NPU28172;;numerical;;;timestamp;;;;32879;3017732;Neutrophils [#/volume] in Blood;LOINC;;Measurement;The LOINC unit is 10^3/microlitre, which is equivalent to 10^9/L;shown_clean;;;;;;9444;;;;;;;;;;;;;
5000001360;;RHB00222;NEUTROPHILS|B|x 10^9 IU/L|RHB00222;;numerical;;;timestamp;;;;32879;3017732;Neutrophils [#/volume] in Blood;LOINC;;Measurement;;shown_clean;;;;;;4175206;;;;;;;;;;;;;
5000001361;;NPU21578;NITRITE|U|NA|NPU21578;;categorical;;;timestamp;;;;32879;3042812;Nitrite [Presence] in Urine;LOINC;;Measurement;;shown_clean;;;;;;;;;;;;;;;;;;;
5000001370;;NPU10167;O2 FLOW|Pt|L/min|NPU10167;;numerical;;;timestamp;;;;32879;3014080;Oxygen gas flow Oxygen delivery system;LOINC;;Measurement;;shown_clean;;;;;;8698;;;;;;;;;;;;;
5000001380;;POC00149;O2 SAT.|Hb|%|POC00149;;numerical;;;timestamp;;;;32879;3014007;Fractional oxyhemoglobin in Arterial blood;LOINC;;Measurement;;shown_clean;;;;;;8728;;;;;;;;;;;;;
5000001390;;NPU19873;OROSOMUCOID|P|g/L|NPU19873;;numerical;;;timestamp;;;;32879;3008877;Alpha-1-acid glycoprotein [Mass/volume] in Serum or Plasma;LOINC;;Measurement;;shown_clean;;;;;;8636;;;;;;;;;;;;;
5000001400;;NPU03011;OXYGEN (O2)|Hb(ab)|NA|NPU03011;;numerical;;;timestamp;;;;32879;3014007;Fractional oxyhemoglobin in Arterial blood;LOINC;;Measurement;;shown_clean;;;;;;8728;;;;;;;;;;;;;
5000001410;;NPU03013;"OXYHEMOGLOBIN|Hb(Fe;tot.;aB)|NA|NPU03013";;numerical;;;timestamp;;;;32879;3014007;Fractional oxyhemoglobin in Arterial blood;LOINC;;Measurement;;shown_clean;;;;;;8728;;;;;;;;;;;;;
5000001420;;NPU03028;PARATHYRIN [PTH]|P|pmol/L|NPU03028;;numerical;;;timestamp;;;;32879;3010566;Parathyrin.intact [Moles/volume] in Serum or Plasma;LOINC;;Measurement;;shown_clean;;;;;;8729;;;;;;;;;;;;;
5000001430;;NPU01470;PCO2|P(aB)|kPa|NPU01470;;numerical;;;timestamp;;;;32879;3027946;Carbon dioxide [Partial pressure] in Arterial blood;LOINC;;Measurement;;shown_clean;;;;;;44777602;;;;;;;;;;;;;
5000001440;;NPU12481;PCO2|P(kB)|kPa|NPU12481;;numerical;;;timestamp;;;;32879;3023024;Carbon dioxide [Partial pressure] in Capillary blood;LOINC;;Measurement;;shown_clean;;;;;;44777602;;;;;;;;;;;;;
5000001450;;NPU10029;PCO2|P(vB)|kPa|NPU10029;;numerical;;;timestamp;;;;32879;3021447;Carbon dioxide [Partial pressure] in Venous blood;LOINC;;Measurement;;shown_clean;;;;;;44777602;;;;;;;;;;;;;
5000001460;;POC00134;PCO2|P|kPa|POC00134;;numerical;;;timestamp;;;;32879;3013290;Carbon dioxide [Partial pressure] in Blood;LOINC;;Measurement;;shown_clean;;;;;;44777602;;;;;;;;;;;;;
5000001470;;POC00157;PCO2|P|kPa|POC00157;;numerical;;;timestamp;;;;32879;3013290;Carbon dioxide [Partial pressure] in Blood;LOINC;;Measurement;;shown_clean;;;;;;44777602;;;;;;;;;;;;;
5000001480;;NPU03096;"PHOSPHATE (P; INORGANIC)|P|mmol/L|NPU03096";;numerical;;;timestamp;;;;32879;3003458;Phosphate [Moles/volume] in Serum or Plasma;LOINC;;Measurement;;shown_clean;;;;;;8753;;;;;;;;;;;;;
5000001490;;NPU04708;PLASMOCYTES|B|x 10^9 IU/L|NPU04708;;numerical;;;timestamp;;;;32879;3001362;Plasma cells [#/volume] in Blood;LOINC;;Measurement;;shown_clean;;;;;;9444;;;;;;;;;;;;;
5000001500;;NPU03568;PLATELETS|B|x 10^9 IU/L|NPU03568;;numerical;;;timestamp;;;;32879;3007461;Platelets [#/volume] in Blood;LOINC;;Measurement;;shown_clean;;;;;;9444;;;;;;;;;;;;;
5000001510;;NPU08977;PO2|P(aB)|kPa|NPU08977;;numerical;;;timestamp;;;;32879;3027801;Oxygen [Partial pressure] in Arterial blood;LOINC;;Measurement;;shown_clean;;;;;;44777602;;;;;;;;;;;;;
5000001520;;NPU12500;PO2|P(kB)|kPa|NPU12500;;numerical;;;timestamp;;;;32879;3028626;Oxygen [Partial pressure] in Capillary blood;LOINC;;Measurement;;shown_clean;;;;;;44777602;;;;;;;;;;;;;
5000001530;;NPU12501;PO2|P(vB)|kPa|NPU12501;;numerical;;;timestamp;;;;32879;3024354;Oxygen [Partial pressure] in Venous blood;LOINC;;Measurement;;shown_clean;;;;;;44777602;;;;;;;;;;;;;
5000001540;;POC00122;PO2|P|kPa|POC00122;;numerical;;;timestamp;;;;32879;3027315;Oxygen [Partial pressure] in Blood;LOINC;;Measurement;;shown_clean;;;;;;44777602;;;;;;;;;;;;;
5000001550;;GEN00995;POTASSIUM|P|mmol/L|GEN00995;;numerical;;;timestamp;;;;32879;3023103;Potassium [Moles/volume] in Serum or Plasma;LOINC;;Measurement;;shown_clean;;;;;;8753;;;;;;;;;;;;;
5000001560;;NPU03230;POTASSIUM|P|mmol/L|NPU03230;;numerical;;;timestamp;;;;32879;3023103;Potassium [Moles/volume] in Serum or Plasma;LOINC;;Measurement;;shown_clean;;;;;;8753;;;;;;;;;;;;;
5000001570;;POC00018;POTASSIUM|P|mmol/L|POC00018;;numerical;;;timestamp;;;;32879;3023103;Potassium [Moles/volume] in Serum or Plasma;LOINC;;Measurement;;shown_clean;;;;;;8753;;;;;;;;;;;;;
5000001580;;POC00019;POTASSIUM|P|mmol/L|POC00019;;numerical;;;timestamp;;;;32879;3023103;Potassium [Moles/volume] in Serum or Plasma;LOINC;;Measurement;;shown_clean;;;;;;8753;;;;;;;;;;;;;
5000001590;;POC00020;POTASSIUM|P|mmol/L|POC00020;;numerical;;;timestamp;;;;32879;3023103;Potassium [Moles/volume] in Serum or Plasma;LOINC;;Measurement;;shown_clean;;;;;;8753;;;;;;;;;;;;;
5000001600;;NPU03229;POTASSIUM|Pt(U)|mmol/d|NPU03229;;numerical;;;timestamp;;;;32879;3010796;Potassium [Moles/volume] in 24 hour Urine;LOINC;;Measurement;;shown_clean;;;;;;8910;;;;;;;;;;;;;
5000001610;;NPU03787;POTASSIUM|U|mmol/L|NPU03787;;numerical;;;timestamp;;;;32879;3016038;Potassium [Moles/volume] in Urine;LOINC;;Measurement;;shown_clean;;;;;;8753;;;;;;;;;;;;;
5000001620;;NPU21576;PROCALCITONIN|P|ug/L|NPU21576;;numerical;;;timestamp;;;;32879;3046279;Procalcitonin [Mass/volume] in Serum or Plasma;LOINC;;Measurement;;shown_clean;;;;;;8748;;;;;;;;;;;;;
5000001630;;NPU03974;PROMYELOCYTES|B|x 10^9 IU/L|NPU03974;;numerical;;;timestamp;;;;32879;3022709;Promyelocytes [#/volume] in Blood;LOINC;;Measurement;;shown_clean;;;;;;9444;;;;;;;;;;;;;
5000001640;;NPU08669;PROSTATE SPECIFIC ANTIGEN (PSA)|P|ug/L|NPU08669;;numerical;;;timestamp;;;;32879;3005013;Prostate Specific Ag Free [Mass/volume] in Serum or Plasma;LOINC;;Measurement;;shown_clean;;;;;;8748;;;;;;;;;;;;;
5000001650;;NPU03276;PROTEIN|Csv|g/L|NPU03276;;numerical;;;timestamp;;;;32879;3019473;Protein [Mass/volume] in Cerebral spinal fluid;LOINC;;Measurement;;shown_clean;;;;;;8636;;;;;;;;;;;;;
5000001660;;NPU03278;PROTEIN|P|g/L|NPU03278;;numerical;;;timestamp;;;;32879;3020630;Protein [Mass/volume] in Serum or Plasma;LOINC;;Measurement;;shown_clean;;;;;;8636;;;;;;;;;;;;;
5000001670;;NPU03278;PROTEIN|P|NA|NPU03278;;numerical;;;timestamp;;;;32879;3020630;Protein [Mass/volume] in Serum or Plasma;LOINC;;Measurement;;shown_clean;;;;;;8636;;;;;;;;;;;;;
5000001680;;NPU03277;PROTEIN|Pt(U)|g/d|NPU03277;;numerical;;;timestamp;;;;32879;3020876;Protein [Mass/time] in 24 hour Urine;LOINC;;Measurement;"BS: note that the result can actually be less than 24 hours; not sure how to best capture this";shown_clean;;;;;;3198629;;;;;;;;;;;;;
5000001690;;NPU03958;PROTEIN|U|g/L|NPU03958;;numerical;;;timestamp;;;;32879;3037121;Protein [Mass/volume] in Urine;LOINC;;Measurement;;shown_clean;;;;;;8636;;;;;;;;;;;;;
5000001700;;NPU08694;RETICULOCYTES|B|x 10^9 IU/L|NPU08694;;numerical;;;timestamp;;;;32879;3023520;Reticulocytes [#/volume] in Blood;LOINC;;Measurement;;shown_clean;;;;;;9444;;;;;;;;;;;;;
5000001710;;NPU03356;RETICULOCYTES|Erc|mIU|NPU03356;;numerical;;;timestamp;;;;32879;3027945;Reticulocytes/100 erythrocytes in Blood;LOINC;;Measurement;BS: It seems that we come from 1/1000, but convert to 1/100 as there LOINC concepts with 1/1000 are discouraged;shown_clean;;;;;;8554;;0.1;;;;;;;;;;;
5000001720;;NPU17589;SEDIMENTATION REACTION|B|IU|NPU17589;;numerical;;;timestamp;;;;32879;3015183;Erythrocyte sedimentation rate;LOINC;;Measurement;;shown_clean;;;;;;8752;;;;;;;;;;;;;
5000001730;;NPU17597;SMUDGE CELLS|B|x 10^9 IU/L|NPU17597;;numerical;;;timestamp;;;;32879;;;;;;;shown_clean;;;;;;;;;;;;;;;;;;;
5000001740;;GEN00992;SODIUM|P|mmol/L|GEN00992;;numerical;;;timestamp;;;;32879;3019550;Sodium [Moles/volume] in Serum or Plasma;LOINC;;Measurement;;shown_clean;;;;;;8753;;;;;;;;;;;;;
5000001750;;NPU03429;SODIUM|P|mmol/L|NPU03429;;numerical;;;timestamp;;;;32879;3019550;Sodium [Moles/volume] in Serum or Plasma;LOINC;;Measurement;;shown_clean;;;;;;8753;;;;;;;;;;;;;
5000001760;;POC00021;SODIUM|P|mmol/L|POC00021;;numerical;;;timestamp;;;;32879;3019550;Sodium [Moles/volume] in Serum or Plasma;LOINC;;Measurement;;shown_clean;;;;;;8753;;;;;;;;;;;;;
5000001770;;POC00022;SODIUM|P|mmol/L|POC00022;;numerical;;;timestamp;;;;32879;3019550;Sodium [Moles/volume] in Serum or Plasma;LOINC;;Measurement;;shown_clean;;;;;;8753;;;;;;;;;;;;;
5000001780;;POC00023;SODIUM|P|mmol/L|POC00023;;numerical;;;timestamp;;;;32879;3019550;Sodium [Moles/volume] in Serum or Plasma;LOINC;;Measurement;;shown_clean;;;;;;8753;;;;;;;;;;;;;
5000001790;;NPU03796;SODIUM|Pt(U)|mmol/d|NPU03796;;numerical;;;timestamp;;;;32879;3008007;Sodium [Mass/time] in 24 hour Urine;LOINC;;Measurement;;shown_clean;;;;;;8909;;;;;;;;;;;;;
5000001800;;NPU03431;SODIUM|U|mmol/L|NPU03431;;numerical;;;timestamp;;;;32879;3003181;Sodium [Moles/volume] in Urine;LOINC;;Measurement;;shown_clean;;;;;;8753;;;;;;;;;;;;;
5000001810;;NPU19912;TACROLIMUS|B|ug/L|NPU19912;;numerical;;;timestamp;;;;32879;3026250;Tacrolimus [Mass/volume] in Blood;LOINC;;Measurement;;shown_clean;;;;;;8748;;;;;;;;;;;;;
5000001820;;NPU03577;THYROTROPIN (TSH)|P|mIU/L|NPU03577;;numerical;;;timestamp;;;;32879;3009023;Thyrotropin [Units/volume] in Serum or Plasma;LOINC;;Measurement;;shown_clean;;;;;;9040;;;;;;;;;;;;;
5000001830;;NPU27547;THYROTROPIN (TSH)|P|mIU/L|NPU27547;;numerical;;;timestamp;;;;32879;3009201;Thyrotropin [Units/volume] in Serum or Plasma;LOINC;;Measurement;;shown_clean;;;;;;9040;;;;;;;;;;;;;
5000001840;;NPU03578;THYROXINE [T4]|P|nmol/L|NPU03578;;numerical;;;timestamp;;;;32879;3014620;Thyroxine (T4) [Moles/volume] in Serum or Plasma;LOINC;;Measurement;;shown_clean;;;;;;8736;;;;;;;;;;;;;
5000001850;;NPU03579;THYROXINE FREE [T4]|P|pmol/L|NPU03579;;numerical;;;timestamp;;;;32879;3014620;Thyroxine (T4) [Moles/volume] in Serum or Plasma;LOINC;;Measurement;;shown_clean;;;;;;8729;;;;;;;;;;;;;
5000001860;;NPU26470;TRANSFERRIN|P|g/L|NPU26470;;numerical;;;timestamp;;;;32879;3004789;Transferrin [Mass/volume] in Serum or Plasma;LOINC;;Measurement;;shown_clean;;;;;;8636;;;;;;;;;;;;;
5000001870;;NPU03607;TRANSFERRIN|P|umol/L|NPU03607;;numerical;;;timestamp;;;;32879;3002903;Transferrin [Moles/volume] in Serum or Plasma;LOINC;;Measurement;;shown_clean;;;;;;8749;;;;;;;;;;;;;
5000001880;;NPU03620;TRIGLYCERIDE|P|mmol/L|NPU03620;;numerical;;;timestamp;;;;32879;3019038;Triglyceride [Moles/volume] in Serum or Plasma --12 hours fasting;LOINC;;Measurement;;shown_clean;;;;;;8753;;;;;;;;;;;;;
5000001890;;NPU04094;TRIGLYCERIDE|P|mmol/L|NPU04094;;numerical;;;timestamp;;;;32879;3025839;Triglyceride [Moles/volume] in Serum or Plasma;LOINC;;Measurement;;shown_clean;;;;;;8753;;;;;;;;;;;;;
5000001900;;NPU03624;TRIIODOTHYRONINE [T3]|P|nmol/L|NPU03624;;numerical;;;timestamp;;;;32879;3008304;Triiodothyronine (T3) [Moles/volume] in Serum or Plasma;LOINC;;Measurement;;shown_clean;;;;;;8736;;;;;;;;;;;;;
5000001910;;NPU03625;TRIIODOTHYRONINE FREE [T3]|P|pmol/L|NPU03625;;numerical;;;timestamp;;;;32879;3008304;Triiodothyronine (T3) [Moles/volume] in Serum or Plasma;LOINC;;Measurement;;shown_clean;;;;;;8729;;;;;;;;;;;;;
5000001920;;DNK35895;TRIIODOTHYRONINE REACTION|P|IU|DNK35895;;numerical;;;timestamp;;;;32879;;;;;;;shown_clean;;;;;;9260;;;;;;;;;;;;;
5000001930;;NPU27591;TROPONIN I|P|ng/L|NPU27591;;numerical;;;timestamp;;;;32879;3021337;Troponin I.cardiac [Mass/volume] in Serum or Plasma;LOINC;;Measurement;;shown_clean;;;;;;8725;;;;;;;;;;;;;
5000001940;;NPU27501;TROPONIN T|P|ng/L|NPU27501;;numerical;;;timestamp;;;;32879;3019800;Troponin T.cardiac [Mass/volume] in Serum or Plasma;LOINC;;Measurement;;shown_clean;;;;;;8725;;;;;;;;;;;;;
5000001950;;NPU03688;URATE|P|mmol/L|NPU03688;;numerical;;;timestamp;;;;32879;3026493;Urate [Moles/volume] in Serum or Plasma;LOINC;;Measurement;;shown_clean;;;;;;8753;;;;;;;;;;;;;
5000001960;;NPU09356;URATE|P|umol/L|NPU09356;;numerical;;;timestamp;;;;32879;3026493;Urate [Moles/volume] in Serum or Plasma;LOINC;;Measurement;;shown_clean;;;;;;8749;;;;;;;;;;;;;
5000001970;;NPU19929;VANCOMYCIN|P|mg/L|NPU19929;;numerical;;;timestamp;;;;32879;3005715;Vancomycin [Mass/volume] in Serum or Plasma;LOINC;;Measurement;;shown_clean;;;;;;8751;;;;;;;;;;;;;
5000001980;;NPU01700;VITAMIN B12|P|pmol/L|NPU01700;;numerical;;;timestamp;;;;32879;3009035;Cobalamin (Vitamin B12) [Moles/volume] in Serum or Plasma;LOINC;;Measurement;;shown_clean;;;;;;8729;;;;;;;;;;;;;
5000001990;;NPU10267;VITAMIN D(CALCIFEDIOL)|P|nmol/L|NPU10267;;numerical;;;timestamp;;;;32879;40765040;25-Hydroxyvitamin D3+25-Hydroxyvitamin D2 [Mass/volume] in Serum or Plasma;LOINC;;Measurement;;shown_clean;;;;;;8736;;;;;;;;;;;;;
5000002000;;NPU03768;ZINC|P|umol/L|NPU03768;;numerical;;;timestamp;;;;32879;3020717;Zinc [Moles/volume] in Serum or Plasma;LOINC;;Measurement;;shown_clean;;;;;;8749;;;;;;;;;;;;;
6000000028;;aciclovirhsp;aciclovirhsp;;numerical;pump;;;timestamp;;;32817;1703687;acyclivir;RxNorm;281;Drug;;;;;;;;;;;;;;;;;;;epaspresadmroute;;
6000000029;;actilaxdrp;actilaxdrp;;numerical;nonpump;;;timestamp;;;32817;19025117;picosulfate sodium 7.5 MG/ML Oral Solution;RxNorm;246535;Drug;;;;;;;;;;;;;;;;;;;epaspresadmroute;;
6000000030;;addiphosga;addiphosga;;numerical;pump;;;timestamp;;;32817;40752340;Dibasic potassium phosphate 134 MG/ML / Potassium Hydroxide 14 MG/ML / potassium phosphate 176 MG/ML Injectable Solution [Addiphos];RxNorm Extension;OMOP4704150;Drug;;;;;;;;;;;;;;;;;;;epaspresadmroute;;
6000000031;;addiphosiv;addiphosiv;;numerical;pump;;;timestamp;;;32817;40752340;Dibasic potassium phosphate 134 MG/ML / Potassium Hydroxide 14 MG/ML / potassium phosphate 176 MG/ML Injectable Solution [Addiphos];RxNorm Extension;OMOP4704150;Drug;;;;;;;;;;;;;;;;;;;epaspresadmroute;;
6000000032;;addiphosmml;addiphosmml;;numerical;nonpump;;;timestamp;;;32817;40752340;Dibasic potassium phosphate 134 MG/ML / Potassium Hydroxide 14 MG/ML / potassium phosphate 176 MG/ML Injectable Solution [Addiphos];RxNorm Extension;OMOP4704150;Drug;;;;;;;;;;;;;;;;;;;epaspresadmroute;;
6000000033;;adrenalinsad;adrenalinsad;;numerical;pump;;;timestamp;;;32817;1343916;epinephrine;RxNorm;3992;Drug;;;;;;;;;;;;;;;;;;;epaspresadmroute;;
6000000034;;bcmb;bcmb;;numerical;nonpump;;;timestamp;;;32817;;;;;Drug;;;;;;;;;;;;;;;;;;;epaspresadmroute;;
6000000035;;cancidasiv;cancidasiv;;numerical;nonpump;;;timestamp;;;32817;1718054;caspofungin;RxNorm;140108;Drug;;;;;;;;;;;;;;;;;;;epaspresadmroute;;
6000000036;;cefuroximstr;cefuroximstr;;numerical;nonpump;;;timestamp;;;32817;1778162;Cefuroxime;RxNorm;2194;Drug;;;;;;;;;;;;;;;;;;;epaspresadmroute;;
6000000037;;cordaroneiv;cordaroneiv;;numerical;pump;;;timestamp;;;32817;1309944;amiodarone;RxNorm;703;Drug;;;;;;;;;;;;;;;;;;;epaspresadmroute;;
6000000038;;corotropsnf;corotropsnf;;numerical;pump_nonpump;;;timestamp;;;32817;1368671;milrinone;RxNorm;52769;Drug;;value;;;;;;;discrete;recipe__corotropsnf;1 hour;;;;;;;;epaspresadmroute;;
6000000039;;corotropsnf;corotropsnf;;numerical;pump_nonpump;;;timestamp;;;32817;1368671;milrinone;RxNorm;52769;Drug;;value0;;;;;;;continuous;recipe__corotropsnf;1 hour;;;;;;;;epaspresadmroute;;
6000000040;;cprflxcnfrs;cprflxcnfrs;;numerical;pump_nonpump;;;timestamp;;;32817;1797513;ciprofloxacin;RxNorm;2551;Drug;;;;;;;;;;;;;;;;;;;epaspresadmroute;;
6000000041;;desmopressintv;desmopressintv;;numerical;nonpump;;;timestamp;;;32817;1517070;desmopressin;RxNorm;3251;Drug;;value;;;;;;;discrete;recipe__desmopressintv;12 hours;;;;;;;;epaspresadmroute;;
6000000042;;dexdoriv;dexdoriv;;numerical;pump;;;timestamp;;;32817;19061088;dexmedetomidine;RxNorm;48937;Drug;;;;;;;;;;;;;;;;;;;epaspresadmroute;;
6000000043;;diflucanmg;diflucanmg;;numerical;nonpump;;;timestamp;;;32817;1754994;fluconazole;RxNorm;4450;Drug;;;;;;;;;;;;;;;;;;;epaspresadmroute;;
6000000044;;dobutrexiv;dobutrexiv;;numerical;pump;;;timestamp;;;32817;1337720;dobutamine;RxNorm;3616;Drug;;;;;;;;;;;;;;;;;;;epaspresadmroute;;
6000000045;;dopminiv;dopminiv;;numerical;pump;;;timestamp;;;32817;1337860;dopamine;RxNorm;3628;Drug;;;;;;;;;;;;;;;;;;;epaspresadmroute;;
6000000046;;dormicumiv;dormicumiv;;numerical;pump;;;timestamp;;;32817;708298;midazolam;RxNorm;6960;Drug;;;;;;;;;;;;;;;;;;;epaspresadmroute;;
6000000047;;dormicummg;dormicummg;;numerical;nonpump;;;timestamp;;;32817;708298;midazolam;RxNorm;6960;Drug;;;;;;;;;;;;;;;;;;;epaspresadmroute;;
6000000048;;duoventml;duoventml;;numerical;nonpump;;;timestamp;;;32817;44041607;Fenoterol 0.312 MG/ML / Ipratropium 0.125 MG/ML [Duovent];RxNorm Extension;OMOP1036238;Drug;;;;;;;;;;;;;;;;;;;epaspresadmroute;;
6000000049;;ecaltaiv;ecaltaiv;;numerical;pump;;;timestamp;;;32817;19026450;anidulafungin;RxNorm;341018;Drug;;;;;;;;;;;;;;;;;;;epaspresadmroute;;
6000000050;;fentanylhml;fentanylhml;;numerical;pump_nonpump;;;timestamp;;;32817;1154029;fentanyl;RxNorm;4337;Drug;;;;;;;;;;;;;;;;;;;epaspresadmroute;;
6000000051;;flolaniv;flolaniv;;numerical;pump;;;timestamp;;;32817;1354118;epoprostenol;RxNorm;8814;Drug;;;;;;;;;;;;;;;;;;;epaspresadmroute;;
6000000052;;furixiv;furixiv;;numerical;pump;;;timestamp;;;32817;956874;furosemide;RxNorm;4603;Drug;;value0;;;;;;;continuous;;12 hours;;;;;;;;epaspresadmroute;;
6000000053;;furixiv;furixiv;;numerical;pump;;;timestamp;;;32817;956874;furosemide;RxNorm;4603;Drug;;value0;;;;;;;bolus;;12 hours;;;;;;;;epaspresadmroute;;
6000000054;;furixmg;furixmg;;numerical;nonpump;;;timestamp;;;32817;956874;furosemide;RxNorm;4603;Drug;;value;;;;;;;discrete;;12 hours;;;;;;;;epaspresadmroute;;
6000000055;;glypressinmg;glypressinmg;;numerical;nonpump;;;timestamp;;;32817;19119253;terlipressin;RxNorm;57048;Drug;;value;;;;;;;discrete;;12 hours;;;;;;;;epaspresadmroute;;
6000000056;;imoclonemg;imoclonemg;;numerical;nonpump;;;timestamp;;;32817;19044883;zopiclone;RxNorm;40001;Drug;;;;;;;;;;;;;;;;;;;epaspresadmroute;;
6000000057;;innohepiu;innohepiu;;numerical;nonpump;;;timestamp;;;32817;40098508;tinzaparin Injectable Solution [Innohep];RxNorm;363000;Drug;;;;;;;;;;;;;;;IU;;;;epaspresadmroute;;
6000000058;;kaliumkloridps;kaliumkloridps;;numerical;nonpump;;;timestamp;;;32817;19049105;potassium chloride;RxNorm;8591;Drug;;value;;;;;;;discrete;recipe__kaliumkloridps;12 hours;;;;mmol;;;;epaspresadmroute;;
6000000059;;kaliumkloridsad;kaliumkloridsad;;numerical;pump_nonpump;;;timestamp;;;32817;19049105;potassium chloride;RxNorm;8591;Drug;;value;;;;;;;discrete;recipe__kaliumkloridsad;12 hours;;;;mg_ml_mmol;;;;epaspresadmroute;;
6000000060;;kaliumkloridsad;kaliumkloridsad;;numerical;pump_nonpump;;;timestamp;;;32817;19049105;potassium chloride;RxNorm;8591;Drug;;value;;;;;;;continuous;recipe__kaliumkloridsad;12 hours;;;;mg_ml_mmol;;;;epaspresadmroute;;
6000000061;;klexanemg;klexanemg;;numerical;nonpump;;;timestamp;;;32817;1301025;enoxaparin;RxNorm;67108;Drug;;;;;;;;;;;;;;;;;;;epaspresadmroute;;
6000000062;;meronemg;meronemg;;numerical;nonpump;;;timestamp;;;32817;1709170;meropenem;RxNorm;29561;Drug;;value;;;;;;;discrete;recipe__g_to_mg;15 hours;;;;;;;;epaspresadmroute;;
6000000063;;metaoxedrinsad;metaoxedrinsad;;numerical;pump;;;timestamp;;;32817;1135766;phenylephrine;RxNorm;8163;Drug;;value;;;;;;;discrete;recipe__metaoxedrinsad;1 hour;;;;;;;;epaspresadmroute;;
6000000064;;metronidazolbxt;metronidazolbxt;;numerical;nonpump;;;timestamp;;;32817;1707164;metronidazole;RxNorm;6922;Drug;;;;;;;;;;;;;;;;;;;epaspresadmroute;;
6000000065;;mgnsmklrdiv;mgnsmklrdiv;;numerical;pump;;;timestamp;;;32817;19092849;magnesium chloride;RxNorm;6579;Drug;;;;;;;;;;;;;;;;;;;epaspresadmroute;;
6000000066;;mgnsmklrdknc;mgnsmklrdknc;;numerical;pump;;;timestamp;;;32817;19092849;magnesium chloride;RxNorm;6579;Drug;;;;;;;;;;;;;;;;;;;epaspresadmroute;;
6000000067;;mgnsmslftsad;mgnsmslftsad;;numerical;pump;;;timestamp;;;32817;;;;;Drug;;;;;;;;;;;;;;;;;;;epaspresadmroute;;
6000000068;;minirinfrr;minirinfrr;;numerical;pump_nonpump;;;timestamp;;;32817;1517070;desmopressin;RxNorm;3251;Drug;;value;;;;;;;discrete;recipe__minirinfrr;;;;;;;;;epaspresadmroute;;
6000000069;;minirinug;minirinug;;numerical;nonpump;;;timestamp;;;32817;1517070;desmopressin;RxNorm;3251;Drug;;;;;;;;;;;;;;;;;;;epaspresadmroute;;
6000000070;;morfinsad;morfinsad;;numerical;nonpump;;;timestamp;;;32817;1110410;morphine;RxNorm;7052;Drug;;;;;;;;;;;;;;;;;;;epaspresadmroute;;
6000000071;;movicolpcs;movicolpcs;;numerical;nonpump;;;timestamp;;;32817;2936834;polyethylene glycol 3350 13100 MG / potassium chloride 46.6 MG / sodium bicarbonate 179 MG / sodium chloride 351 MG Oral Powder [Molaxole];RxNorm Extension;OMOP5153541;Drug;;;;;;;;;;;;;;;;;;;epaspresadmroute;;
6000000072;;noradrenalinsad;noradrenalinsad;;numerical;pump_nonpump;;;timestamp;;;32817;1321341;norepinephrine;RxNorm;7512;Drug;;value;;;;;;;discrete;recipe__noradrenalinsad;1 hour;;;;;;;;epaspresadmroute;;
6000000073;;noradrenalinsad;noradrenalinsad;;numerical;pump_nonpump;;;timestamp;;;32817;1321341;norepinephrine;RxNorm;7512;Drug;;recipe__noradrenalinsad__continuous;;;;;;;continuous;recipe__noradrenalinsad;1 hour;;;;;;;;epaspresadmroute;;
6000000074;;noradrenalinsad;noradrenalinsad;;numerical;pump_nonpump;;;timestamp;;;32817;1321341;norepinephrine;RxNorm;7512;Drug;;recipe__noradrenalinsad__bolus;;;;;;;bolus;recipe__noradrenalinsad;1 hour;;;;;;;;epaspresadmroute;;
6000000075;;novorapidiu;novorapidiu;;numerical;nonpump;;;timestamp;;;32817;35198096;insulin aspart;RxNorm Extension;OMOP4819461;Drug;;value;;;;;;;discrete;recipe__novorapidiu;12 hours;;;;;;;;epaspresadmroute;;
6000000076;;novorapidiv;novorapidiv;;numerical;pump;;;timestamp;;;32817;35198096;insulin aspart;RxNorm Extension;OMOP4819461;Drug;;;;;;;;;discrete;;12 hours;;;;;;;;epaspresadmroute;;
6000000077;;novorapidiv;novorapidiv;;numerical;pump;;;timestamp;;;32817;35198096;insulin aspart;RxNorm Extension;OMOP4819461;Drug;;value;;;;;;;continuous;;12 hours;;;;;;;;epaspresadmroute;;
6000000078;;novorapidiv;novorapidiv;;numerical;pump;;;timestamp;;;32817;35198096;insulin aspart;RxNorm Extension;OMOP4819461;Drug;;value;;;;;;;bolus;;12 hours;;;;;;;;epaspresadmroute;;
6000000079;;oxynormmg;oxynormmg;;numerical;nonpump;;;timestamp;;;32817;1124957;oxycodone;RxNorm;7804;Drug;;value;;;;;;;discrete;;12 hours;;;;;;;;epaspresadmroute;;
6000000080;;pamolmg;pamolmg;;numerical;nonpump;;;timestamp;;;32817;1125315;acetaminophen;RxNorm;161;Drug;;;;;;;;;;;;;;;;;;;epaspresadmroute;;
6000000081;;pantolocmg;pantolocmg;;numerical;nonpump;;;timestamp;;;32817;948078;pantoprazole;RxNorm;40790;Drug;;;;;;;;;;;30 hours;;;;;;;;epaspresadmroute;;
6000000082;;perfalgang;perfalgang;;numerical;nonpump;;;timestamp;;;32817;21104088;Acetaminophen 10 MG/ML [Perfalgan];RxNorm Extension;OMOP407134;Drug;;;;;;;;;;;;;;;;;;;epaspresadmroute;;
6000000083;;primperanmg;primperanmg;;numerical;nonpump;;;timestamp;;;32817;906780;metoclopramide;RxNorm;6915;Drug;;;;;;;;;;;;;;;;;;;epaspresadmroute;;
6000000084;;privigeniv;privigeniv;;numerical;pump;;;timestamp;;;32817;19117912;immunoglobulin G;RxNorm;1426680;Drug;;recipe__privigeniv__continuous;;;;;;;continuous;;12 hours;;;;;;;;epaspresadmroute;;
6000000085;;privigeniv;privigeniv;;numerical;pump;;;timestamp;;;32817;19117912;immunoglobulin G;RxNorm;1426680;Drug;;value;;;;;;;bolus;;;;;;;;;;epaspresadmroute;;
6000000086;;propofolb;propofolb;;numerical;pump_nonpump;;;timestamp;;;32817;753626;propofol;RxNorm;8782;Drug;;;;;;;;;;;;;;;;;;;epaspresadmroute;;
6000000087;;serenasemg;serenasemg;;numerical;nonpump;;;timestamp;;;32817;766529;haloperidol;RxNorm;5093;Drug;;;;;;;;;;;;;;;;;;;epaspresadmroute;;
6000000088;;solumdr;solumdr;;numerical;pump_nonpump;;;timestamp;;;32817;1550557;prednisolone;RxNorm;8638;Drug;;value;;;;;;;discrete;recipe__g_to_mg;12 hours;;;;;;;;epaspresadmroute;;
6000000089;;solumdr;solumdr;;numerical;pump_nonpump;;;timestamp;;;32817;1550557;prednisolone;RxNorm;8638;Drug;;recipe__solumdr__continuous;;;;;;;continuous;recipe__g_to_mg;12 hours;;;;;;;;epaspresadmroute;;
6000000090;;solumdr;solumdr;;numerical;pump_nonpump;;;timestamp;;;32817;1550557;prednisolone;RxNorm;8638;Drug;;recipe__solumdr__bolus;;;;;;;bolus;recipe__g_to_mg;12 hours;;;;;;;;epaspresadmroute;;
6000000091;;solvezinkmg;solvezinkmg;;numerical;nonpump;;;timestamp;;;32817;40932176;Zinc Gluconate 44 MG Oral Tablet [Solvezink];RxNorm Extension;OMOP2015312;Drug;;;;;;;;;;;;;;;;;;;epaspresadmroute;;
6000000092;;tiaminsad;tiaminsad;;numerical;nonpump;;;timestamp;;;32817;19137312;thiamine;RxNorm;10454;Drug;;;;;;;;;;;;;;;;;;;epaspresadmroute;;
6000000093;;ultivaiv;ultivaiv;;numerical;pump;;;timestamp;;;32817;19016749;remifentanil;RxNorm;73032;Drug;;;;;;;;;;;;;;;;;;;epaspresadmroute;;
6000000094;;ultivaug;ultivaug;;numerical;nonpump;;;timestamp;;;32817;19016749;remifentanil;RxNorm;73032;Drug;;;;;;;;;;;;;;;;;;;epaspresadmroute;;
6000000095;;vancomycin1g;vancomycin1g;;numerical;pump_nonpump;;;timestamp;;;32817;1707687;vancomycin;RxNorm;11124;Drug;;value;;;;;;;discrete;recipe__vancomycin1g;12 hours;;;;g_mg;;;;epaspresadmroute;;
6000000096;;vancomycin1g;vancomycin1g;;numerical;pump_nonpump;;;timestamp;;;32817;1707687;vancomycin;RxNorm;11124;Drug;;recipe__vancomycin1g__continuous;;;;;;;continuous;recipe__vancomycin1g;12 hours;;;;g_mg;;;;epaspresadmroute;;
6000000097;;vancomycinalp;vancomycinalp;;numerical;pump_nonpump;;;timestamp;;;32817;1707687;vancomycin;RxNorm;11124;Drug;;;;;;;;;;recipe__g_to_mg;;;;;;;;;epaspresadmroute;;
6000000098;;vancomycinfrs;vancomycinfrs;;numerical;pump;;;timestamp;;;32817;1707687;vancomycin;RxNorm;11124;Drug;;;;;;;;;;;;;;;;;;;epaspresadmroute;;
6000000099;;vancomycinhsp;vancomycinhsp;;numerical;pump;;;timestamp;;;32817;1707687;vancomycin;RxNorm;11124;Drug;;;;;;;;;;;;;;;;;;;epaspresadmroute;;
6000000100;;variquelmg;variquelmg;;numerical;nonpump;;;timestamp;;;32817;19119253;terlipressin;RxNorm;57048;Drug;;value;;;;;;;discrete;;12 hours;;;;;;;;epaspresadmroute;;
6000000101;;zinksulfatsad;zinksulfatsad;;numerical;pump;;;timestamp;;;32817;;;;;Drug;;;;;;;;;;;;;;;;;;;epaspresadmroute;;
6000000102;;zofranmg;zofranmg;;numerical;nonpump;;;timestamp;;;32817;1000560;ondansetron;RxNorm;26225;Drug;;;;;;;;;;;;;;;;;;;epaspresadmroute;;
